provincia,localidad,cantidad_de_ambiente,precio_medio,precio_m2_cubierto_medio_localidad
Zona Sur (GBA),"Abril Club de Campo, Guillermo Hudson",4,2866.6666666666665,13.679012345679013
Zona Sur (GBA),"Abril Club de Campo, Guillermo Hudson",5,2740.0,9.855756366189896
Zona Sur (GBA),"Abril Club de Campo, Guillermo Hudson",6,2842.8571428571427,8.327519165560961
Zona Norte (GBA),"Acacias, El Cazador",4,1115.3846153846155,6.446588311435908
Zona Norte (GBA),"Acacias, El Cazador",5,1160.0,6.299829176101269
Zona Norte (GBA),"Acacias, El Cazador",6,1400.0,7.228815643832246
Zona Norte (GBA),"Acacias, El Cazador",7,1000.0,5.681818181818182
Zona Norte (GBA),"Acassuso, San Isidro",1,343.3333333333333,11.222222222222221
Zona Norte (GBA),"Acassuso, San Isidro",2,450.0,11.376928046489324
Zona Norte (GBA),"Acassuso, San Isidro",3,1235.0,14.087931716524112
Zona Norte (GBA),"Acassuso, San Isidro",4,1230.5882352941176,11.989651993687357
Zona Norte (GBA),"Acassuso, San Isidro",5,1889.8,10.67797203404551
Zona Norte (GBA),"Acassuso, San Isidro",6,2700.0,9.166858457997698
Zona Norte (GBA),"Acassuso, San Isidro",7,4266.666666666667,9.395997474360826
Zona Norte (GBA),"Acassuso, San Isidro",8,5250.0,8.700205633926293
Zona Norte (GBA),"Acassuso, San Isidro",9,6500.0,12.685680332739157
Zona Norte (GBA),"Acassuso, San Isidro",11,4900.0,9.8
Zona Sur (GBA),"Adrogué, Almirante Brown",1,286.6666666666667,9.558730158730159
Zona Sur (GBA),"Adrogué, Almirante Brown",2,347.14285714285717,8.075204995505748
Zona Sur (GBA),"Adrogué, Almirante Brown",3,605.0,7.539959674828096
Zona Sur (GBA),"Adrogué, Almirante Brown",4,770.0,8.012108411301961
Zona Sur (GBA),"Adrogué, Almirante Brown",5,1250.0,6.944444444444445
Zona Norte (GBA),"Albanueva, Rincón de Milberg",3,1500.0,11.505681818181818
Zona Norte (GBA),"Albanueva, Rincón de Milberg",4,7000.0,17.5
Zona Norte (GBA),"Albanueva, Rincón de Milberg",5,6300.0,15.75
Zona Norte (GBA),"Albanueva, Rincón de Milberg",6,5400.0,10.465543941153697
Zona Norte (GBA),"Albanueva, Rincón de Milberg",7,4640.0,11.320497527963543
Zona Norte (GBA),"Araucarias, El Cazador",4,1530.0,9.231694120915678
Zona Norte (GBA),"Araucarias, El Cazador",5,1683.3333333333333,9.47348484848485
Zona Norte (GBA),"Araucarias, El Cazador",6,1400.0,8.9171974522293
Zona Norte (GBA),"Arboris Laslomas, San Isidro",1,975.0,13.928571428571427
Zona Norte (GBA),"Arboris Laslomas, San Isidro",2,740.0,14.08087027914614
Zona Norte (GBA),"Arboris Laslomas, San Isidro",3,2000.0,20.0
Zona Norte (GBA),"Arboris Laslomas, San Isidro",5,2300.0,18.4
Zona Sur (GBA),"Avellaneda, Avellaneda",2,310.7142857142857,7.465208425271373
Zona Sur (GBA),"Avellaneda, Avellaneda",3,465.38461538461536,8.072823142374173
Zona Sur (GBA),"Avellaneda, Avellaneda",4,566.6666666666666,7.314814814814814
Zona Sur (GBA),"Avellaneda, Avellaneda",6,1450.0,5.559210526315789
Zona Norte (GBA),"Ayres de Pilar, Manuel Alberti",3,1000.0,12.5
Zona Norte (GBA),"Ayres de Pilar, Manuel Alberti",4,2800.0,10.0
Zona Norte (GBA),"Ayres de Pilar, Manuel Alberti",5,3250.0,8.853125
Zona Norte (GBA),"Ayres de Pilar, Manuel Alberti",6,2800.0,8.75764157014157
Zona Norte (GBA),"Ayres de Pilar, Manuel Alberti",7,3800.0,13.768115942028986
Zona Norte (GBA),"Ayres de Pilar, Manuel Alberti",8,3500.0,9.469934640522876
Zona Norte (GBA),"Bahía Grande, Nordelta",1,800.0,18.695652173913043
Zona Norte (GBA),"Bahía Grande, Nordelta",2,1005.3846153846154,17.27183414163392
Zona Norte (GBA),"Bahía Grande, Nordelta",3,1180.0,12.923825546561833
Zona Norte (GBA),"Bahía Grande, Nordelta",4,2.0,0.012738853503184714
Zona Sur (GBA),"Banfield, Lomas de Zamora",1,267.0,8.665743284493285
Zona Sur (GBA),"Banfield, Lomas de Zamora",2,354.0,8.356998401478638
Zona Sur (GBA),"Banfield, Lomas de Zamora",3,430.7142857142857,6.169985460625854
Zona Sur (GBA),"Banfield, Lomas de Zamora",5,2150.0,4.989205526770293
Zona Sur (GBA),"Banfield, Lomas de Zamora",6,1200.0,4.0
Zona Sur (GBA),"Banfield, Lomas de Zamora",10,800.0,4.444444444444445
Zona Norte (GBA),"Barbarita, General Pacheco",4,2500.0,12.077294685990339
Zona Norte (GBA),"Barbarita, General Pacheco",5,2500.0,12.077294685990339
Zona Norte (GBA),"Barbarita, General Pacheco",7,2200.0,9.161425576519918
Zona Norte (GBA),"Barrancas del Lago, Nordelta",4,2200.0,10.476190476190476
Zona Norte (GBA),"Barrancas del Lago, Nordelta",5,2800.0,8.446537323028062
Zona Norte (GBA),"Barrancas del Lago, Nordelta",7,2830.0,8.95952380952381
Zona Norte (GBA),"Barrio El Aljibe, Manzanares",4,1100.0,7.330917874396135
Zona Norte (GBA),"Barrio El Aljibe, Manzanares",5,1200.0,7.775891341256367
Zona Norte (GBA),"Barrio El Aljibe, Manzanares",6,1400.0,7.174565996142188
Zona Sur (GBA),"Barrio Privado Terralagos, Canning",2,900.0,18.705962059620596
Zona Sur (GBA),"Barrio Privado Terralagos, Canning",3,1600.0,18.125
Zona Sur (GBA),"Barrio Privado Terralagos, Canning",4,2185.714285714286,22.307587149692413
Zona Sur (GBA),"Barrio Privado Terralagos, Canning",5,3557.1428571428573,12.392150575972199
Zona Sur (GBA),"Barrio Privado Terralagos, Canning",6,4066.6666666666665,13.945135566188197
Zona Sur (GBA),"Barrio Privado Terralagos, Canning",7,4175.0,12.792872536945813
Zona Sur (GBA),"Barrio Privado Terralagos, Canning",8,3990.0,9.851851851851851
Zona Norte (GBA),"Beccar Plaza, San Isidro",2,700.0,12.53382885458357
Zona Norte (GBA),"Beccar Plaza, San Isidro",3,1150.0,15.51012753188297
Zona Norte (GBA),"Beccar Plaza, San Isidro",4,1175.0,9.791666666666668
Zona Norte (GBA),"Bella Vista, San Miguel",2,320.0,6.4
Zona Norte (GBA),"Bella Vista, San Miguel",3,1260.0,8.627112827112827
Zona Norte (GBA),"Bella Vista, San Miguel",4,883.3333333333334,6.079323513366067
Zona Norte (GBA),"Bella Vista, San Miguel",5,1933.3333333333333,9.577342047930282
Zona Norte (GBA),"Bella Vista, San Miguel",6,1600.0,6.4
Zona Norte (GBA),"Bella Vista, San Miguel",7,4000.0,5.0
Zona Norte (GBA),"Belén de Escobar, Escobar",1,440.0,12.052631578947368
Zona Norte (GBA),"Belén de Escobar, Escobar",2,308.8888888888889,7.850428904505272
Zona Norte (GBA),"Belén de Escobar, Escobar",3,625.0,8.924145299145298
Zona Norte (GBA),"Belén de Escobar, Escobar",4,1150.0,5.610423634336678
Zona Norte (GBA),"Belén de Escobar, Escobar",5,950.0,5.815048270116633
Zona Norte (GBA),"Belén de Escobar, Escobar",6,2400.0,10.714285714285714
Zona Norte (GBA),"Belén de Escobar, Escobar",7,1000.0,3.6101083032490973
Zona Norte (GBA),"Belén de Escobar, Escobar",8,7000.0,19.444444444444443
Zona Norte (GBA),"Benavidez, Tigre",3,775.0,10.738095238095237
Zona Norte (GBA),"Benavidez, Tigre",5,1150.0,7.574404761904762
Zona Norte (GBA),"Benavidez, Tigre",8,8500.0,17.0
Zona Norte (GBA),"Benavidez, Tigre",11,5500.0,10.0
Zona Sur (GBA),"Berazategui, Berazategui",1,250.0,9.21875
Zona Sur (GBA),"Berazategui, Berazategui",2,248.33333333333334,5.4634920634920645
Zona Sur (GBA),"Berazategui, Berazategui",4,1600.0,6.530612244897959
Zona Sur (GBA),"Berazategui, Berazategui",5,4500.0,22.5
Zona Sur (GBA),"Berazategui, Berazategui",6,2500.0,8.333333333333334
Zona Sur (GBA),"Berazategui, GBA Sur",1,265.0,7.25
Zona Sur (GBA),"Berazategui, GBA Sur",2,700.0,12.727272727272727
Zona Sur (GBA),"Berazategui, GBA Sur",3,993.3333333333334,7.231481481481481
Zona Sur (GBA),"Berazategui, GBA Sur",4,2483.3333333333335,12.798644174062972
Zona Sur (GBA),"Berazategui, GBA Sur",7,1300.0,4.333333333333333
Zona Sur (GBA),"Berazategui, GBA Sur",8,2200.0,7.333333333333333
Zona Sur (GBA),"Bernal Este, Quilmes",1,313.75,8.78314393939394
Zona Sur (GBA),"Bernal Este, Quilmes",2,344.1666666666667,7.368253968253968
Zona Sur (GBA),"Bernal Este, Quilmes",3,420.0,6.009760334879579
Zona Sur (GBA),"Bernal Este, Quilmes",4,565.0,6.213768115942029
Zona Sur (GBA),"Bernal Este, Quilmes",5,1430.0,5.4228035148004174
Zona Norte (GBA),"Boca Raton, Pilar",1,600.0,17.647058823529413
Zona Norte (GBA),"Boca Raton, Pilar",2,450.0,11.25
Zona Norte (GBA),"Boca Raton, Pilar",5,1101.25,3.9188701923076925
Zona Norte (GBA),"Boca Raton, Pilar",6,958.3333333333334,4.739057239057239
Zona Norte (GBA),"Bosque Chico, Pilar",5,2300.0,7.666666666666667
Zona Norte (GBA),"Bosque Chico, Pilar",6,2300.0,7.666666666666667
Zona Norte (GBA),"Bosque Chico, Pilar",7,2300.0,7.666666666666667
Zona Norte (GBA),"Boulogne Sur Mer, San Isidro",2,350.0,7.226056945642796
Zona Norte (GBA),"Boulogne Sur Mer, San Isidro",3,640.0,8.42282913165266
Zona Norte (GBA),"Boulogne Sur Mer, San Isidro",4,862.0,7.065573770491803
Zona Norte (GBA),"Boulogne Sur Mer, San Isidro",5,1783.3333333333333,7.360733774526878
Zona Norte (GBA),"Boulogne Sur Mer, San Isidro",6,2100.0,6.5625
Zona Norte (GBA),"Boulogne Sur Mer, San Isidro",7,1650.0,6.979166666666667
Zona Norte (GBA),"Bouquet, Pilar",2,1200.0,17.747252747252748
Zona Norte (GBA),"Bouquet, Pilar",3,1588.888888888889,15.53431978852147
Zona Norte (GBA),"Bouquet, Pilar",4,2454.1666666666665,15.432561768422625
Zona Norte (GBA),"Buen Retiro, Pilar",5,1140.0,4.614035087719298
Zona Norte (GBA),"Buen Retiro, Pilar",6,1125.0,3.9792409577177787
Zona Norte (GBA),"Buen Retiro, Pilar",7,1300.0,4.56140350877193
Zona Norte (GBA),"Buen Retiro, Pilar",9,1700.0,7.264957264957265
Zona Sur (GBA),"Burzaco, Almirante Brown",2,190.0,6.0
Zona Sur (GBA),"Burzaco, Almirante Brown",3,390.8333333333333,4.802081895560156
Zona Sur (GBA),"Burzaco, Almirante Brown",4,741.6666666666666,6.1309523809523805
Zona Sur (GBA),"Burzaco, Almirante Brown",5,650.0,6.5
Zona Norte (GBA),"Béccar, San Isidro",1,445.0,10.48252688172043
Zona Norte (GBA),"Béccar, San Isidro",2,494.0,10.336465850933937
Zona Norte (GBA),"Béccar, San Isidro",3,805.0,10.995320479272731
Zona Norte (GBA),"Béccar, San Isidro",4,1900.0,11.828609986504723
Zona Norte (GBA),"Béccar, San Isidro",5,1800.0,11.920529801324504
Zona Norte (GBA),"Béccar, San Isidro",6,1900.0,6.636097820308347
Zona Norte (GBA),"Cabos del Lago, Nordelta",5,5000.0,12.905825773017332
Zona Norte (GBA),"Cabos del Lago, Nordelta",6,5400.0,15.000162478733632
Zona Norte (GBA),"Cabos del Lago, Nordelta",7,4000.0,10.526315789473685
Zona Norte (GBA),"Cabos del Lago, Nordelta",8,5000.0,12.72264631043257
Zona Norte (GBA),"Cabos del Lago, Nordelta",9,8000.0,17.24137931034483
Zona Norte (GBA),"Cabos del Lago, Nordelta",10,6500.0,10.76158940397351
Zona Norte (GBA),"Campana, GBA Norte",1,885.0,22.125
Zona Norte (GBA),"Campana, GBA Norte",2,500.0,11.11111111111111
Zona Norte (GBA),"Campana, GBA Norte",4,750.0,5.9523809523809526
Zona Norte (GBA),"Campana, GBA Norte",6,1400.0,4.414706281372948
Zona Norte (GBA),"Campana, GBA Norte",7,2300.0,6.388888888888889
Zona Norte (GBA),"Campo Grande, Pilar",4,900.0,6.428571428571429
Zona Norte (GBA),"Campo Grande, Pilar",5,2450.0,10.226382770435633
Zona Norte (GBA),"Campo Grande, Pilar",6,2200.0,9.691629955947137
Zona Norte (GBA),"Campo Grande, Pilar",8,1900.0,6.031746031746032
Zona Norte (GBA),"Campo Grande, Pilar",9,1700.0,5.379746835443038
Zona Oeste (GBA),"Campos de Alvarez, Francisco Alvarez",4,1525.0,7.967914438502674
Zona Oeste (GBA),"Campos de Alvarez, Francisco Alvarez",5,1600.0,6.945141065830721
Zona Oeste (GBA),"Campos de Alvarez, Francisco Alvarez",6,1600.0,4.2105263157894735
Zona Sur (GBA),"Canning, Esteban Echeverría",1,380.0,15.2
Zona Sur (GBA),"Canning, Esteban Echeverría",2,521.4285714285714,8.866120218579235
Zona Sur (GBA),"Canning, Esteban Echeverría",3,616.6666666666666,9.158765696566384
Zona Sur (GBA),"Canning, Esteban Echeverría",4,1154.3125,7.504814275801409
Zona Sur (GBA),"Canning, Esteban Echeverría",5,1386.3636363636363,7.331997889529387
Zona Sur (GBA),"Canning, Esteban Echeverría",6,1560.0,6.782175622542596
Zona Sur (GBA),"Canning, Esteban Echeverría",7,3000.0,6.666666666666667
Zona Sur (GBA),"Canning, Ezeiza",1,423.3333333333333,13.757327976682816
Zona Sur (GBA),"Canning, Ezeiza",2,486.0967741935484,9.21096018443626
Zona Sur (GBA),"Canning, Ezeiza",3,698.8235294117648,8.550513897304766
Zona Sur (GBA),"Canning, Ezeiza",4,1113.5208333333333,7.44656391854654
Zona Sur (GBA),"Canning, Ezeiza",5,1900.0,8.585027876975722
Zona Sur (GBA),"Canning, Ezeiza",6,2533.3333333333335,10.357142857142858
Zona Sur (GBA),"Canning, Ezeiza",7,3166.6666666666665,9.770878385336218
Zona Norte (GBA),"Carpinchos, Nordelta",4,3066.6666666666665,12.55489679402723
Zona Norte (GBA),"Carpinchos, Nordelta",5,3033.3333333333335,11.179585613547877
Zona Norte (GBA),"Carpinchos, Nordelta",6,3100.0,13.478260869565217
Zona Oeste (GBA),"Caseros, Tres de Febrero",1,271.25,8.791412821986162
Zona Oeste (GBA),"Caseros, Tres de Febrero",2,315.5263157894737,8.05293624556753
Zona Oeste (GBA),"Caseros, Tres de Febrero",3,412.3076923076923,7.33453992588608
Zona Oeste (GBA),"Caseros, Tres de Febrero",4,750.0,7.5
Zona Norte (GBA),"Castaños - La Balconada, Nordelta",2,850.0,16.67399718508093
Zona Norte (GBA),"Castaños - La Balconada, Nordelta",5,1850.0,15.546218487394958
Zona Oeste (GBA),"Castelar, Morón",1,254.44444444444446,7.907029955641068
Zona Oeste (GBA),"Castelar, Morón",2,366.1363636363636,8.735538666807356
Zona Oeste (GBA),"Castelar, Morón",3,621.0,9.393618266978923
Zona Oeste (GBA),"Castelar, Morón",4,965.0,8.041666666666666
Zona Oeste (GBA),"Castelar, Morón",5,1400.0,5.0
Zona Oeste (GBA),"Castelar, Morón",6,900.0,8.411214953271028
Zona Sur (GBA),"Casuarinas Premium, Presidente Perón",3,463.8,8.23932400932401
Zona Sur (GBA),"Casuarinas Premium, Presidente Perón",5,1500.0,7.317073170731708
Zona Sur (GBA),"Centro, Quilmes",1,390.0,6.482662886171657
Zona Sur (GBA),"Centro, Quilmes",2,317.5,7.300198189323576
Zona Sur (GBA),"Centro, Quilmes",3,490.0,7.405797101449275
Zona Sur (GBA),"Centro, Quilmes",4,1100.0,7.857142857142857
Zona Sur (GBA),"City Bell, La Plata",2,606.6666666666666,10.648437616477292
Zona Sur (GBA),"City Bell, La Plata",3,730.7142857142857,7.976741373984294
Zona Sur (GBA),"City Bell, La Plata",4,1114.2857142857142,7.964432107153712
Zona Sur (GBA),"City Bell, La Plata",5,1150.0,7.176282051282051
Zona Sur (GBA),"City Bell, La Plata",7,1107.5,5.1274516159904175
Zona Sur (GBA),"City Bell, La Plata",8,3200.0,5.333333333333333
Zona Oeste (GBA),"Ciudad Evita, La Matanza",1,250.0,6.578947368421052
Zona Oeste (GBA),"Ciudad Evita, La Matanza",2,302.5,5.714285714285714
Zona Oeste (GBA),"Ciudad Evita, La Matanza",3,260.0,6.5
Zona Oeste (GBA),"Ciudad Evita, La Matanza",4,380.0,5.846153846153846
Zona Oeste (GBA),"Ciudad Evita, La Matanza",5,950.0,4.634146341463414
Zona Oeste (GBA),"Ciudad Evita, La Matanza",6,3500.0,14.0
Zona Oeste (GBA),"Ciudad Jardín Lomas del Palomar, Tres de Febrero",1,233.33333333333334,6.766774891774891
Zona Oeste (GBA),"Ciudad Jardín Lomas del Palomar, Tres de Febrero",3,575.0,6.988224864937194
Zona Oeste (GBA),"Ciudad Jardín Lomas del Palomar, Tres de Febrero",4,765.0,7.451298701298701
Zona Oeste (GBA),"Ciudadela, Tres de Febrero",1,253.33333333333334,6.5353535353535355
Zona Oeste (GBA),"Ciudadela, Tres de Febrero",2,290.0,7.178619528619529
Zona Oeste (GBA),"Ciudadela, Tres de Febrero",3,300.0,5.313479623824451
Zona Oeste (GBA),"Ciudadela, Tres de Febrero",4,580.0,8.055555555555555
Zona Oeste (GBA),"Country Club Banco Provincia, Francisco Alvarez",3,650.0,5.538427490745212
Zona Oeste (GBA),"Country Club Banco Provincia, Francisco Alvarez",5,3537.5,18.126219991789046
Zona Oeste (GBA),"Country Club Banco Provincia, Francisco Alvarez",6,2533.3333333333335,11.806241023632326
Zona Norte (GBA),"Del Viso, Pilar",2,530.0,9.24685534591195
Zona Norte (GBA),"Del Viso, Pilar",3,966.6666666666666,11.19047619047619
Zona Norte (GBA),"Del Viso, Pilar",4,1550.0,11.06788380701424
Zona Norte (GBA),"Del Viso, Pilar",5,2200.0,9.290060851926977
Zona Norte (GBA),"Del Viso, Pilar",6,3400.0,11.333333333333334
Zona Norte (GBA),"Del Viso, Pilar",7,8000.0,10.0
Zona Norte (GBA),"Derqui, Pilar",1,300.0,10.714285714285714
Zona Norte (GBA),"Derqui, Pilar",2,526.6666666666666,8.158192090395481
Zona Norte (GBA),"Derqui, Pilar",3,633.3333333333334,7.93906093906094
Zona Norte (GBA),"Derqui, Pilar",4,945.0,8.167623951937678
Zona Sur (GBA),"Don Bosco, Quilmes",1,275.0,8.714285714285715
Zona Sur (GBA),"Don Bosco, Quilmes",2,350.0,7.777777777777778
Zona Sur (GBA),"Don Bosco, Quilmes",3,891.6666666666666,12.390648567119156
Zona Sur (GBA),"Don Bosco, Quilmes",4,466.6666666666667,3.701174362682997
Zona Norte (GBA),"Don Torcuato, Tigre",3,500.0,10.0
Zona Norte (GBA),"Don Torcuato, Tigre",4,1325.0,7.916666666666667
Zona Norte (GBA),"Don Torcuato, Tigre",5,1500.0,6.117647058823529
Zona Norte (GBA),"Don Torcuato, Tigre",6,1700.0,4.634146341463414
Zona Norte (GBA),"Don Torcuato, Tigre",7,1600.0,3.8095238095238093
Zona Norte (GBA),"El Cantón / Golf, El Cazador",4,1750.0,7.6006944444444455
Zona Norte (GBA),"El Cantón / Golf, El Cazador",5,1582.2222222222222,6.349239356149024
Zona Norte (GBA),"El Cantón / Golf, El Cazador",6,1860.0,6.687921839073408
Zona Norte (GBA),"El Cantón / Golf, El Cazador",7,2200.0,5.670103092783505
Zona Norte (GBA),"El Cantón / Islas, El Cazador",4,1361.111111111111,7.198343079922028
Zona Norte (GBA),"El Cantón / Islas, El Cazador",5,1420.0,6.741241212824703
Zona Norte (GBA),"El Cantón / Islas, El Cazador",6,1833.3333333333333,7.149744929700137
Zona Norte (GBA),"El Cantón / Islas, El Cazador",8,1300.0,3.611111111111111
Zona Norte (GBA),"El Cantón / Islas, El Cazador",9,3000.0,7.633587786259542
Zona Norte (GBA),"El Cantón / Norte, El Cazador",3,900.0,4.5
Zona Norte (GBA),"El Cantón / Norte, El Cazador",4,1197.0,6.44342105263158
Zona Norte (GBA),"El Cantón / Norte, El Cazador",6,2145.0,7.762159722532823
Zona Norte (GBA),"El Cantón / Norte, El Cazador",9,2000.0,6.666666666666667
Zona Norte (GBA),"El Cantón, El Cazador",3,1000.0,5.434782608695652
Zona Norte (GBA),"El Cantón, El Cazador",4,1393.125,7.001174174140354
Zona Norte (GBA),"El Cantón, El Cazador",5,1592.857142857143,8.099380799762598
Zona Norte (GBA),"El Cantón, El Cazador",6,1539.0,6.199469215969216
Zona Norte (GBA),"El Cantón, El Cazador",7,1900.0,4.896907216494846
Zona Norte (GBA),"El Encuentro, General Pacheco",6,2855.5555555555557,10.635198357087411
Zona Norte (GBA),"El Encuentro, General Pacheco",7,4150.0,12.037037037037038
Zona Norte (GBA),"El Golf, Nordelta",5,6575.0,15.309209217975063
Zona Norte (GBA),"El Golf, Nordelta",6,8100.0,17.913799123745864
Zona Norte (GBA),"El Golf, Nordelta",7,7255.555555555556,14.936475941766004
Zona Norte (GBA),"El Golf, Nordelta",8,5900.0,12.291666666666666
Zona Norte (GBA),"El Golf, Nordelta",10,8500.0,16.96613545816733
Zona Sur (GBA),"El Lauquen, San Vicente",4,1387.5,8.111468886576986
Zona Sur (GBA),"El Lauquen, San Vicente",6,2500.0,8.012820512820513
Zona Sur (GBA),"El Lauquen, San Vicente",10,3500.0,5.147058823529412
Zona Norte (GBA),"El Naudir, El Cazador",4,1198.888888888889,6.731112852118021
Zona Norte (GBA),"El Naudir, El Cazador",5,1300.0,7.108035712161043
Zona Norte (GBA),"El Palmar, Nordelta",1,370.0,10.773448773448772
Zona Norte (GBA),"El Palmar, Nordelta",2,628.75,10.900462962962964
Zona Norte (GBA),"El Palmar, Nordelta",3,848.75,12.20472666105361
Zona Norte (GBA),"El Palmar, Nordelta",4,1226.6666666666667,12.409112159462792
Zona Oeste (GBA),"El Palomar, Morón",1,260.0,8.141650422352177
Zona Oeste (GBA),"El Palomar, Morón",3,480.0,4.8
Zona Oeste (GBA),"El Palomar, Morón",4,420.0,4.9411764705882355
Zona Oeste (GBA),"El Palomar, Morón",7,750.0,4.3604651162790695
Zona Norte (GBA),"El Yacht, Nordelta",4,5900.0,14.75
Zona Norte (GBA),"El Yacht, Nordelta",5,6310.0,16.73543248699884
Zona Norte (GBA),"El Yacht, Nordelta",6,7528.571428571428,17.140036026830156
Zona Norte (GBA),"El Yacht, Nordelta",7,7000.0,15.497799779977997
Zona Norte (GBA),"El Yacht, Nordelta",8,7000.0,16.321804284981738
Zona Norte (GBA),"Escobar, GBA Norte",1,485.0,12.577597840755736
Zona Norte (GBA),"Escobar, GBA Norte",2,290.0,7.25
Zona Norte (GBA),"Escobar, GBA Norte",3,500.0,10.0
Zona Norte (GBA),"Escobar, GBA Norte",4,2000.0,9.024725274725276
Zona Norte (GBA),"Escobar, GBA Norte",5,1550.0,6.798644659151906
Zona Norte (GBA),"Escobar, GBA Norte",6,1225.0,5.114041339985745
Zona Norte (GBA),"Estancias del Pilar, Pilar",2,750.0,13.75
Zona Norte (GBA),"Estancias del Pilar, Pilar",3,980.0,10.797116441078149
Zona Norte (GBA),"Estancias del Pilar, Pilar",4,2033.3333333333333,12.006781346168056
Zona Norte (GBA),"Estancias del Pilar, Pilar",6,3060.0,10.998931833037124
Zona Norte (GBA),"Estancias del Pilar, Pilar",7,3350.0,10.238095238095237
Zona Norte (GBA),"Estancias del Pilar, Pilar",8,4500.0,8.333333333333334
Zona Norte (GBA),"Estancias del Pilar, Pilar",9,2200.0,7.225904882154882
Zona Sur (GBA),"Ezeiza, GBA Sur",2,403.3333333333333,8.707643814026794
Zona Sur (GBA),"Ezeiza, GBA Sur",3,825.0,10.048076923076923
Zona Sur (GBA),"Ezeiza, GBA Sur",4,2387.5,11.817345295606165
Zona Sur (GBA),"Ezeiza, GBA Sur",6,1741.6666666666667,13.719959557618226
Zona Sur (GBA),"Ezeiza, GBA Sur",8,1700.0,3.090909090909091
Zona Sur (GBA),"Fincas de Hudson, Guillermo Hudson",2,650.0,8.552631578947368
Zona Sur (GBA),"Fincas de Hudson, Guillermo Hudson",3,875.0,8.069243840271877
Zona Sur (GBA),"Fincas de Hudson, Guillermo Hudson",5,3383.3333333333335,9.968114842021173
Zona Sur (GBA),"Fincas de Hudson, Guillermo Hudson",7,4.0,0.008888888888888889
Zona Sur (GBA),"Florencio Varela, GBA Sur",2,265.0,5.555555555555555
Zona Sur (GBA),"Florencio Varela, GBA Sur",3,336.6666666666667,6.656084656084656
Zona Sur (GBA),"Florencio Varela, GBA Sur",4,500.0,6.410256410256411
Zona Sur (GBA),"Florencio Varela, GBA Sur",6,750.0,3.5714285714285716
Zona Norte (GBA),"Florida, Vicente López",1,366.6666666666667,14.623015873015873
Zona Norte (GBA),"Florida, Vicente López",2,500.5882352941176,10.97521027576089
Zona Norte (GBA),"Florida, Vicente López",3,825.5263157894736,12.297017382449344
Zona Norte (GBA),"Florida, Vicente López",4,830.0,10.0407112600661
Zona Norte (GBA),"Florida, Vicente López",5,2016.6666666666667,9.970218756768466
Zona Norte (GBA),"Florida, Vicente López",6,1400.0,5.185185185185185
Zona Norte (GBA),"General Pacheco, Tigre",1,200.0,10.0
Zona Norte (GBA),"General Pacheco, Tigre",2,367.5,9.392857142857142
Zona Norte (GBA),"General Pacheco, Tigre",3,933.3333333333334,8.65874655647383
Zona Norte (GBA),"General Pacheco, Tigre",4,980.0,8.166666666666666
Zona Norte (GBA),"General Pacheco, Tigre",6,6000.0,10.344827586206897
Zona Norte (GBA),"General Pacheco, Tigre",7,2800.0,11.2
Zona Oeste (GBA),"General Rodríguez, GBA Oeste",1,200.0,4.444444444444445
Zona Oeste (GBA),"General Rodríguez, GBA Oeste",2,357.5,8.9375
Zona Oeste (GBA),"General Rodríguez, GBA Oeste",4,790.0,6.375
Zona Oeste (GBA),"General Rodríguez, GBA Oeste",11,5000.0,8.0
Zona Norte (GBA),"General San Martín, GBA Norte",1,315.7142857142857,9.489229024943311
Zona Norte (GBA),"General San Martín, GBA Norte",2,388.2608695652174,8.985873546044605
Zona Norte (GBA),"General San Martín, GBA Norte",3,581.6666666666666,9.049554453806778
Zona Norte (GBA),"General San Martín, GBA Norte",4,725.0,6.6239316239316235
Zona Sur (GBA),"Greenville Polo Resort, Berazategui",2,800.0,13.333333333333334
Zona Sur (GBA),"Greenville Polo Resort, Berazategui",4,2900.0,10.541176470588235
Zona Sur (GBA),"Greenville Polo Resort, Berazategui",5,3500.0,23.333333333333332
Zona Sur (GBA),"Greenville Polo Resort, Berazategui",6,3750.0,8.910714285714285
Zona Oeste (GBA),"Gregorio de Laferrere, La Matanza",1,200.0,5.2631578947368425
Zona Oeste (GBA),"Gregorio de Laferrere, La Matanza",2,189.44444444444446,5.430956564534996
Zona Oeste (GBA),"Gregorio de Laferrere, La Matanza",3,195.0,4.5654948499776085
Zona Oeste (GBA),"Gregorio de Laferrere, La Matanza",4,320.0,2.8828828828828827
Zona Sur (GBA),"Guillermo Hudson, Berazategui",1,300.0,10.0
Zona Sur (GBA),"Guillermo Hudson, Berazategui",4,2033.3333333333333,11.766795865633076
Zona Sur (GBA),"Guillermo Hudson, Berazategui",6,1350.0,5.869565217391305
Zona Sur (GBA),"Guillermo Hudson, Berazategui",7,1300.0,4.333333333333333
Zona Oeste (GBA),"Haedo, Morón",1,256.6666666666667,9.471153846153847
Zona Oeste (GBA),"Haedo, Morón",2,297.0,7.34293779854039
Zona Oeste (GBA),"Haedo, Morón",3,386.6666666666667,6.802077497665732
Zona Oeste (GBA),"Haedo, Morón",4,900.0,5.421686746987952
Zona Oeste (GBA),"Haedo, Morón",5,630.0,6.631578947368421
Zona Oeste (GBA),"Haedo, Morón",6,1500.0,7.5
Zona Norte (GBA),"Haras Santa María, Escobar",3,950.0,7.916666666666667
Zona Norte (GBA),"Haras Santa María, Escobar",4,1600.0,6.985248173747796
Zona Norte (GBA),"Haras Santa María, Escobar",5,1618.0,6.576744680485664
Zona Norte (GBA),"Haras Santa María, Escobar",6,1768.1818181818182,6.4604694838757375
Zona Norte (GBA),"Haras Santa María, Escobar",7,2000.0,7.333959849314187
Zona Norte (GBA),"Haras Santa María, Escobar",9,1000.0,5.4945054945054945
Zona Norte (GBA),"Highland Park, Manuel Alberti",4,2116.6666666666665,8.91602809706258
Zona Norte (GBA),"Highland Park, Manuel Alberti",5,2500.0,9.438508048618386
Zona Norte (GBA),"Highland Park, Manuel Alberti",6,2709.090909090909,8.433987384655717
Zona Norte (GBA),"Highland Park, Manuel Alberti",7,3372.7272727272725,9.616991693809355
Zona Norte (GBA),"Highland Park, Manuel Alberti",8,4966.666666666667,8.928196332857349
Zona Norte (GBA),"Highland Park, Manuel Alberti",10,2000.0,6.0606060606060606
Zona Norte (GBA),"Highland Park, Manuel Alberti",11,2300.0,6.216216216216216
Zona Oeste (GBA),"Hurlingham, Hurlingham",1,220.0,5.5
Zona Oeste (GBA),"Hurlingham, Hurlingham",2,231.66666666666666,6.641570141570142
Zona Oeste (GBA),"Hurlingham, Hurlingham",3,620.0,7.012032085561497
Zona Oeste (GBA),"Hurlingham, Hurlingham",4,762.5,5.297025966183575
Zona Oeste (GBA),"Hurlingham, Hurlingham",5,1000.0,5.128205128205129
Zona Norte (GBA),"Ingeniero Maschwitz, Escobar",2,343.3333333333333,8.070370370370371
Zona Norte (GBA),"Ingeniero Maschwitz, Escobar",3,830.0,6.825937950937951
Zona Norte (GBA),"Ingeniero Maschwitz, Escobar",5,750.0,2.6785714285714284
Zona Norte (GBA),"Ingeniero Maschwitz, Escobar",6,900.0,5.8441558441558445
Zona Norte (GBA),"Ingeniero Maschwitz, Escobar",7,5000.0,16.666666666666668
Zona Oeste (GBA),"Isidro Casanova, La Matanza",1,140.0,5.6
Zona Oeste (GBA),"Isidro Casanova, La Matanza",2,160.0,4.833333333333333
Zona Oeste (GBA),"Isidro Casanova, La Matanza",3,277.5,4.212179487179487
Zona Oeste (GBA),"Isidro Casanova, La Matanza",4,450.0,6.428571428571429
Zona Oeste (GBA),"Ituzaingó Norte, Ituzaingó",1,260.0,8.532135076252723
Zona Oeste (GBA),"Ituzaingó Norte, Ituzaingó",2,342.5,7.881981415754708
Zona Oeste (GBA),"Ituzaingó Norte, Ituzaingó",3,426.6666666666667,6.786324786324786
Zona Oeste (GBA),"Ituzaingó Norte, Ituzaingó",4,533.3333333333334,7.328042328042328
Zona Oeste (GBA),"Ituzaingó Norte, Ituzaingó",7,1300.0,6.878306878306878
Zona Oeste (GBA),"Ituzaingó, GBA Oeste",1,270.0,8.333333333333334
Zona Oeste (GBA),"Ituzaingó, GBA Oeste",2,316.6666666666667,7.3240740740740735
Zona Oeste (GBA),"Ituzaingó, GBA Oeste",4,1000.0,7.515151515151515
Zona Oeste (GBA),"Ituzaingó, GBA Oeste",5,600.0,4.5
Zona Norte (GBA),"Jardines de San Isidro, San Isidro",2,500.0,7.575757575757576
Zona Norte (GBA),"Jardines de San Isidro, San Isidro",3,804.0,10.148787103774316
Zona Norte (GBA),"Jardines de San Isidro, San Isidro",4,1266.6666666666667,9.215686274509805
Zona Norte (GBA),"Jardines de San Isidro, San Isidro",5,1700.0,14.166666666666666
Zona Norte (GBA),"José León Suárez, General San Martín",1,255.0,6.903409090909091
Zona Norte (GBA),"José León Suárez, General San Martín",2,308.125,6.737971698113207
Zona Norte (GBA),"José León Suárez, General San Martín",3,350.0,6.826029526029527
Zona Norte (GBA),"José León Suárez, General San Martín",4,950.0,3.8
Zona Norte (GBA),"La Alameda, Nordelta",4,2683.3333333333335,10.640812711066822
Zona Norte (GBA),"La Alameda, Nordelta",5,2633.3333333333335,9.849643221202854
Zona Norte (GBA),"La Alameda, Nordelta",6,3650.0,11.46031746031746
Zona Norte (GBA),"La Alameda, Nordelta",7,2833.3333333333335,8.328100828100828
Zona Sur (GBA),"La Alameda, Presidente Perón",4,1233.3333333333333,7.034277198211625
Zona Sur (GBA),"La Alameda, Presidente Perón",5,2050.0,8.563218390804598
Zona Sur (GBA),"La Alameda, Presidente Perón",6,2000.0,5.2631578947368425
Zona Sur (GBA),"La Alameda, Presidente Perón",7,2000.0,4.444444444444445
Zona Sur (GBA),"La Alameda, Presidente Perón",9,2000.0,5.0
Zona Norte (GBA),"La Cañada de Pilar, Pilar",2,500.0,10.197262479871176
Zona Norte (GBA),"La Cañada de Pilar, Pilar",3,750.0,10.906217070600633
Zona Norte (GBA),"La Cañada de Pilar, Pilar",4,1200.0,8.584859584859585
Zona Norte (GBA),"La Comarca, General Pacheco",4,1500.0,10.361552028218695
Zona Norte (GBA),"La Comarca, General Pacheco",6,3000.0,13.787262872628725
Zona Norte (GBA),"La Comarca, General Pacheco",8,3150.0,10.916666666666668
Zona Norte (GBA),"La Delfina, Derqui",5,1333.3333333333333,7.303030303030304
Zona Norte (GBA),"La Delfina, Derqui",6,1650.0,7.4375
Zona Norte (GBA),"La Delfina, Derqui",7,1650.0,8.68421052631579
Zona Norte (GBA),"La Horqueta, San Isidro",3,900.0,6.923076923076923
Zona Norte (GBA),"La Horqueta, San Isidro",4,1200.0,9.23076923076923
Zona Norte (GBA),"La Horqueta, San Isidro",5,2566.6666666666665,8.334967854418656
Zona Norte (GBA),"La Horqueta, San Isidro",7,3000.0,11.983870967741936
Zona Norte (GBA),"La Horqueta, San Isidro",10,2900.0,8.285714285714286
Zona Norte (GBA),"La Isla, Nordelta",4,5500.0,14.986376021798366
Zona Norte (GBA),"La Isla, Nordelta",5,3200.0,13.333333333333334
Zona Norte (GBA),"La Isla, Nordelta",6,5625.0,12.369916019679884
Zona Norte (GBA),"La Isla, Nordelta",8,5466.666666666667,12.842569842569842
Zona Norte (GBA),"La Isla, Nordelta",9,7000.0,14.583333333333334
Zona Norte (GBA),"La Isla, Nordelta",11,8500.0,16.18175287356322
Zona Norte (GBA),"La Lomada, Del Viso",4,2000.0,7.0650843409464095
Zona Norte (GBA),"La Lomada, Del Viso",5,2550.0,9.249084407313246
Zona Norte (GBA),"La Lomada, Del Viso",6,3325.0,11.53693314633006
Zona Norte (GBA),"La Lomada, Del Viso",7,2500.0,8.992805755395683
Zona Norte (GBA),"La Lucila, Vicente López",2,584.2857142857143,12.079715667743837
Zona Norte (GBA),"La Lucila, Vicente López",3,933.3333333333334,12.390271746622552
Zona Norte (GBA),"La Lucila, Vicente López",4,3432.5,16.773241685739702
Zona Norte (GBA),"La Lucila, Vicente López",5,2800.0,11.680950051320423
Zona Norte (GBA),"La Lucila, Vicente López",6,5333.333333333333,14.810996563573882
Zona Norte (GBA),"La Lucila, Vicente López",7,4500.0,12.546296296296296
Zona Norte (GBA),"La Lucila, Vicente López",9,4500.0,9.716867469879517
Zona Norte (GBA),"La Lucila, Vicente López",10,8500.0,7.101086048454469
Zona Sur (GBA),"La Plata, GBA Sur",1,246.42857142857142,7.205597782405322
Zona Sur (GBA),"La Plata, GBA Sur",2,331.1333333333333,7.345668761342168
Zona Sur (GBA),"La Plata, GBA Sur",3,431.8181818181818,6.478447815280426
Zona Sur (GBA),"La Plata, GBA Sur",4,458.3,5.48801716633816
Zona Sur (GBA),"La Plata, GBA Sur",5,932.0,7.034639393066359
Zona Sur (GBA),"La Plata, GBA Sur",6,680.0,5.178258967629046
Zona Sur (GBA),"La Plata, GBA Sur",10,800.0,5.0
Zona Sur (GBA),"La Plata, La Plata",1,252.17948717948718,7.466917395388835
Zona Sur (GBA),"La Plata, La Plata",2,315.8943661971831,7.223661766481581
Zona Sur (GBA),"La Plata, La Plata",3,428.7912087912088,7.073535900519239
Zona Sur (GBA),"La Plata, La Plata",4,486.84,5.974485644091232
Zona Sur (GBA),"La Plata, La Plata",5,886.4285714285714,5.860299814895043
Zona Sur (GBA),"La Plata, La Plata",6,1112.5,5.511617106312475
Zona Sur (GBA),"La Plata, La Plata",7,1600.0,6.087581235968333
Zona Sur (GBA),"La Plata, La Plata",8,1040.0,5.5395021645021645
Zona Sur (GBA),"La Plata, La Plata",10,1500.0,2.6315789473684212
Zona Sur (GBA),"La Plata, La Plata",15,900.0,2.25
Zona Sur (GBA),"La Plata, La Plata",40,200.0,4.25531914893617
Zona Sur (GBA),"La Providencia Resort & Country Club, Canning",3,1300.0,8.666666666666666
Zona Sur (GBA),"La Providencia Resort & Country Club, Canning",4,2000.0,9.090909090909092
Zona Sur (GBA),"La Providencia Resort & Country Club, Canning",5,2060.0,8.927189795550639
Zona Sur (GBA),"La Providencia Resort & Country Club, Canning",6,2000.0,9.523809523809524
Zona Sur (GBA),"La Providencia Resort & Country Club, Canning",7,3300.0,7.77065527065527
Zona Sur (GBA),"La Providencia Resort & Country Club, Canning",8,2800.0,7.5675675675675675
Zona Norte (GBA),"La Reserva Cardales, Campana",3,1025.0,8.993855606758832
Zona Norte (GBA),"La Reserva Cardales, Campana",4,1611.111111111111,8.23958573791722
Zona Norte (GBA),"La Reserva Cardales, Campana",5,1800.0,6.605818015064591
Zona Norte (GBA),"La Reserva Cardales, Campana",7,2033.3333333333333,5.860104135966204
Zona Oeste (GBA),"La Tablada, La Matanza",1,250.0,7.083333333333334
Zona Oeste (GBA),"La Tablada, La Matanza",2,233.33333333333334,4.305944600062247
Zona Oeste (GBA),"La Tablada, La Matanza",3,303.3333333333333,3.901189837180175
Zona Oeste (GBA),"La Tablada, La Matanza",4,430.0,3.5833333333333335
Zona Oeste (GBA),"La Tablada, La Matanza",5,1000.0,5.0761421319796955
Zona Sur (GBA),"La Unión, Ezeiza",2,260.0,5.2
Zona Sur (GBA),"La Unión, Ezeiza",3,550.0,7.3107344632768365
Zona Sur (GBA),"La Unión, Ezeiza",4,1200.0,6.72316384180791
Zona Sur (GBA),"La Unión, Ezeiza",5,1350.0,5.958333333333334
Zona Sur (GBA),"La Unión, Ezeiza",6,1300.0,4.333333333333333
Zona Norte (GBA),"Lagoon Pilar, Villa Rosa",2,741.6666666666666,16.236415753189636
Zona Norte (GBA),"Lagoon Pilar, Villa Rosa",3,908.3333333333334,14.751002642033034
Zona Norte (GBA),"Lagoon Pilar, Villa Rosa",4,1500.0,10.370807174954507
Zona Norte (GBA),"Lagoon Pilar, Villa Rosa",5,2066.6666666666665,10.075757575757576
Zona Sur (GBA),"Lagos de Canning, Canning",4,2175.0,14.416137346957562
Zona Sur (GBA),"Lagos de Canning, Canning",5,1900.0,8.383137330505752
Zona Sur (GBA),"Lagos de Canning, Canning",6,2500.0,10.0
Zona Norte (GBA),"Lagos del Sendero, Nordelta",2,596.6666666666666,11.266666666666666
Zona Norte (GBA),"Lagos del Sendero, Nordelta",3,682.5,9.423076923076923
Zona Norte (GBA),"Lagos del Sendero, Nordelta",4,1150.0,12.88265306122449
Zona Norte (GBA),"Laguna del Sol, General Pacheco",4,2900.0,10.6
Zona Norte (GBA),"Laguna del Sol, General Pacheco",5,3600.0,11.984126984126982
Zona Norte (GBA),"Laguna del Sol, General Pacheco",6,3433.3333333333335,10.40856440856441
Zona Norte (GBA),"Laguna del Sol, General Pacheco",7,7000.0,16.666666666666668
Zona Sur (GBA),"Lanús Este, Lanús",1,269.0,8.688556457065584
Zona Sur (GBA),"Lanús Este, Lanús",2,317.25,7.176335585951286
Zona Sur (GBA),"Lanús Este, Lanús",3,415.625,6.796772918991479
Zona Sur (GBA),"Lanús Este, Lanús",4,596.6666666666666,5.829420970266042
Zona Sur (GBA),"Lanús Oeste, Lanús",1,276.42857142857144,8.089180501055777
Zona Sur (GBA),"Lanús Oeste, Lanús",2,325.875,7.706326911914118
Zona Sur (GBA),"Lanús Oeste, Lanús",3,425.7142857142857,6.466085937105746
Zona Sur (GBA),"Lanús Oeste, Lanús",4,562.8571428571429,5.997407611693326
Zona Sur (GBA),"Lanús Oeste, Lanús",5,680.0,680.0
Zona Sur (GBA),"Lanús Oeste, Lanús",6,1200.0,6.666666666666667
Zona Sur (GBA),"Lanús Oeste, Lanús",7,1200.0,2.2641509433962264
Zona Sur (GBA),"Lares de Canning, Tristán Suárez",3,900.0,7.5
Zona Sur (GBA),"Lares de Canning, Tristán Suárez",4,1058.3333333333333,7.300507674816778
Zona Norte (GBA),"Las Caletas, Nordelta",4,2700.0,6.206896551724138
Zona Norte (GBA),"Las Caletas, Nordelta",5,5000.0,10.0
Zona Norte (GBA),"Las Caletas, Nordelta",6,4814.285714285715,9.140809011776755
Zona Norte (GBA),"Las Caletas, Nordelta",7,6500.0,12.745098039215685
Zona Norte (GBA),"Las Caletas, Nordelta",8,6500.0,11.818181818181818
Zona Norte (GBA),"Las Glorietas, Nordelta",3,1900.0,10.555555555555555
Zona Norte (GBA),"Las Glorietas, Nordelta",4,2160.0,9.981029453440568
Zona Norte (GBA),"Las Glorietas, Nordelta",5,2366.6666666666665,9.67403177487211
Zona Norte (GBA),"Las Glorietas, Nordelta",6,2166.6666666666665,8.526208651399491
Zona Oeste (GBA),"Las Lajas I, General Rodríguez",3,580.0,5.916666666666666
Zona Oeste (GBA),"Las Lajas I, General Rodríguez",4,1050.0,5.888888888888889
Zona Oeste (GBA),"Las Lajas I, General Rodríguez",5,822.0,7.541284403669724
Zona Oeste (GBA),"Las Lajas I, General Rodríguez",8,1000.0,3.5714285714285716
Zona Norte (GBA),"Las Liebres, Garín",4,3350.0,11.224145683453237
Zona Norte (GBA),"Las Liebres, Garín",5,2450.0,7.471153846153847
Zona Norte (GBA),"Las Liebres, Garín",6,2850.0,9.528278738805055
Zona Sur (GBA),"Llavallol, Lomas de Zamora",1,175.0,6.875
Zona Sur (GBA),"Llavallol, Lomas de Zamora",2,314.0,8.30922305764411
Zona Sur (GBA),"Llavallol, Lomas de Zamora",3,418.3333333333333,5.2243589743589745
Zona Sur (GBA),"Llavallol, Lomas de Zamora",4,443.3333333333333,4.018518518518519
Zona Norte (GBA),"Loma Verde, Escobar",2,293.3333333333333,6.319486455602608
Zona Norte (GBA),"Loma Verde, Escobar",5,1100.0,4.4
Zona Norte (GBA),"Loma Verde, Escobar",6,1800.0,5.806451612903226
Zona Norte (GBA),"Loma Verde, Escobar",22,600.0,15.384615384615385
Zona Norte (GBA),"Lomas de San Isidro, San Isidro",1,450.0,14.0625
Zona Norte (GBA),"Lomas de San Isidro, San Isidro",2,816.6666666666666,16.080707573244887
Zona Norte (GBA),"Lomas de San Isidro, San Isidro",3,980.0,19.6
Zona Norte (GBA),"Lomas de San Isidro, San Isidro",4,2800.0,14.736842105263158
Zona Norte (GBA),"Lomas de San Isidro, San Isidro",5,3400.0,12.8125
Zona Norte (GBA),"Lomas de San Isidro, San Isidro",6,4466.666666666667,11.975591310743917
Zona Norte (GBA),"Lomas de San Isidro, San Isidro",7,4333.333333333333,10.220841959972395
Zona Norte (GBA),"Lomas de San Isidro, San Isidro",10,3300.0,7.333333333333333
Zona Norte (GBA),"Lomas de San Isidro, San Isidro",13,6500.0,10.833333333333334
Zona Sur (GBA),"Lomas de Zamora, GBA Sur",1,750.0,18.75
Zona Sur (GBA),"Lomas de Zamora, GBA Sur",2,380.0,8.537758537758537
Zona Sur (GBA),"Lomas de Zamora, GBA Sur",4,756.6666666666666,5.830067731011127
Zona Sur (GBA),"Lomas de Zamora, GBA Sur",6,1200.0,4.528301886792453
Zona Sur (GBA),"Lomas de Zamora, Lomas de Zamora",1,249.21052631578948,8.134199438336497
Zona Sur (GBA),"Lomas de Zamora, Lomas de Zamora",2,353.4782608695652,7.960156233885
Zona Sur (GBA),"Lomas de Zamora, Lomas de Zamora",3,472.3958333333333,7.321242065703419
Zona Sur (GBA),"Lomas de Zamora, Lomas de Zamora",4,758.8888888888889,6.60897867288896
Zona Sur (GBA),"Lomas de Zamora, Lomas de Zamora",6,2500.0,4.62962962962963
Zona Oeste (GBA),"Lomas del Mirador, La Matanza",1,220.0,7.1875
Zona Oeste (GBA),"Lomas del Mirador, La Matanza",2,297.27272727272725,7.923331054910002
Zona Oeste (GBA),"Lomas del Mirador, La Matanza",3,368.3333333333333,6.2073260073260075
Zona Oeste (GBA),"Lomas del Mirador, La Matanza",4,500.0,7.445054945054945
Zona Norte (GBA),"Los Alisos, Nordelta",4,3300.0,11.224937343358397
Zona Norte (GBA),"Los Alisos, Nordelta",5,2375.0,11.124156850901038
Zona Norte (GBA),"Los Alisos, Nordelta",6,4500.0,13.529714198479942
Zona Norte (GBA),"Los Alisos, Nordelta",7,3133.3333333333335,11.12290008841733
Zona Norte (GBA),"Los Castaños, Nordelta",2,850.0,16.604956268221574
Zona Norte (GBA),"Los Castaños, Nordelta",3,1000.0,11.363636363636363
Zona Norte (GBA),"Los Castaños, Nordelta",4,2750.0,12.597111859755474
Zona Norte (GBA),"Los Castaños, Nordelta",5,2209.090909090909,10.96968102243017
Zona Norte (GBA),"Los Castaños, Nordelta",6,2200.0,9.751283584888386
Zona Norte (GBA),"Los Castores, Nordelta",4,4166.666666666667,15.714756258234521
Zona Norte (GBA),"Los Castores, Nordelta",5,4566.666666666667,11.867925196461057
Zona Norte (GBA),"Los Castores, Nordelta",6,4391.666666666667,10.316942231679851
Zona Norte (GBA),"Los Castores, Nordelta",7,5430.0,13.23335047951539
Zona Norte (GBA),"Los Castores, Nordelta",8,6437.5,13.732234026922885
Zona Norte (GBA),"Los Castores, Nordelta",9,6600.0,13.147584333905089
Zona Norte (GBA),"Los Castores, Nordelta",10,9000.0,12.857142857142858
Zona Norte (GBA),"Los Castores, Nordelta",12,4700.0,12.5
Zona Norte (GBA),"Los Jazmines, Zelaya",3,650.0,4.924242424242424
Zona Norte (GBA),"Los Jazmines, Zelaya",4,1600.0,8.792569659442725
Zona Norte (GBA),"Los Jazmines, Zelaya",5,2050.0,6.645021645021645
Zona Norte (GBA),"Los Jazmines, Zelaya",6,2300.0,8.518518518518519
Zona Norte (GBA),"Los Lagartos Country Club, La Lonja",4,2400.0,10.60972850678733
Zona Norte (GBA),"Los Lagartos Country Club, La Lonja",5,1460.0,5.836554698256826
Zona Norte (GBA),"Los Lagartos Country Club, La Lonja",6,1450.0,5.191071428571429
Zona Norte (GBA),"Los Lagartos Country Club, La Lonja",7,1500.0,8.522727272727273
Zona Norte (GBA),"Los Lagos, Nordelta",5,4000.0,13.459415680677289
Zona Norte (GBA),"Los Lagos, Nordelta",6,4550.0,13.387150744964424
Zona Norte (GBA),"Los Lagos, Nordelta",7,3740.0,13.621428571428572
Zona Norte (GBA),"Los Lagos, Nordelta",8,4500.0,14.303123756466377
Zona Norte (GBA),"Los Lagos, Nordelta",9,4333.333333333333,13.650793650793652
Zona Norte (GBA),"Los Polvorines, Malvinas Argentinas",1,250.0,7.142857142857143
Zona Norte (GBA),"Los Polvorines, Malvinas Argentinas",2,300.0,6.666666666666667
Zona Norte (GBA),"Los Polvorines, Malvinas Argentinas",3,786.6666666666666,9.762333762333762
Zona Norte (GBA),"Los Polvorines, Malvinas Argentinas",4,700.0,4.666666666666667
Zona Norte (GBA),"Los Polvorines, Malvinas Argentinas",5,950.0,6.333333333333333
Zona Norte (GBA),"Los Polvorines, Malvinas Argentinas",8,3000.0,6.896551724137931
Zona Norte (GBA),"Los Robles, La Cañada de Pilar",3,1155.0,8.107407407407408
Zona Norte (GBA),"Los Robles, La Cañada de Pilar",4,1266.6666666666667,9.04110382371252
Zona Norte (GBA),"Los Robles, La Cañada de Pilar",5,1400.0,9.17262969588551
Zona Norte (GBA),"Los Sauces, Nordelta",3,1800.0,10.0
Zona Norte (GBA),"Los Sauces, Nordelta",4,2200.0,9.906898656898656
Zona Norte (GBA),"Los Sauces, Nordelta",5,2300.0,8.58611684186397
Zona Norte (GBA),"Los Sauces, Nordelta",6,2340.0,8.337001912344379
Zona Norte (GBA),"Los Sauces, Nordelta",7,3833.0,12.949324324324325
Zona Norte (GBA),"Los Sauces, Nordelta",9,2300.0,8.846153846153847
Zona Oeste (GBA),"Luján, Luján",1,150.0,8.125
Zona Oeste (GBA),"Luján, Luján",2,246.66666666666666,6.1759259259259265
Zona Oeste (GBA),"Luján, Luján",4,752.0,5.397273008463853
Zona Oeste (GBA),"Luján, Luján",5,800.0,4.371584699453552
Zona Oeste (GBA),"Luján, Luján",7,600.0,4.081632653061225
Zona Norte (GBA),"Manuel Alberti, Pilar",2,850.0,13.75
Zona Norte (GBA),"Manuel Alberti, Pilar",3,1575.0,14.68106181866686
Zona Norte (GBA),"Manuel Alberti, Pilar",4,2400.0,14.065268973332861
Zona Norte (GBA),"Manuel Alberti, Pilar",5,4500.0,22.5
Zona Sur (GBA),"Manuel B Gonnet, La Plata",1,255.0,8.5
Zona Sur (GBA),"Manuel B Gonnet, La Plata",2,265.5,6.6375
Zona Sur (GBA),"Manuel B Gonnet, La Plata",3,693.3333333333334,7.849832615973219
Zona Sur (GBA),"Manuel B Gonnet, La Plata",4,861.6666666666666,7.7247165532879825
Zona Sur (GBA),"Manuel B Gonnet, La Plata",5,1200.0,6.154225654225654
Zona Norte (GBA),"Mapuche, Pilar",3,920.0,10.222222222222221
Zona Norte (GBA),"Mapuche, Pilar",4,1320.0,6.327540290475798
Zona Norte (GBA),"Mapuche, Pilar",5,1575.0,8.355293229400482
Zona Norte (GBA),"Mapuche, Pilar",8,1800.0,4.522613065326633
Zona Norte (GBA),"Marinas Golf, Rincón de Milberg",3,912.5,8.694805194805195
Zona Norte (GBA),"Marinas Golf, Rincón de Milberg",4,1116.6666666666667,8.119747899159664
Zona Norte (GBA),"Marinas Golf, Rincón de Milberg",5,2000.0,11.11111111111111
Zona Norte (GBA),"Marinas, El Cazador",4,2000.0,10.0
Zona Norte (GBA),"Marinas, El Cazador",5,2500.0,10.456140350877194
Zona Norte (GBA),"Marinas, El Cazador",6,8666.666666666666,12.24105461393597
Zona Norte (GBA),"Martindale, Derqui",4,1350.0,6.41989198919892
Zona Norte (GBA),"Martindale, Derqui",5,2600.0,10.793650793650794
Zona Norte (GBA),"Martindale, Derqui",6,2566.6666666666665,7.7816627816627815
Zona Norte (GBA),"Martindale, Derqui",7,3150.0,8.432971014492754
Zona Norte (GBA),"Martindale, Derqui",9,3500.0,10.0
Zona Oeste (GBA),"Martín Coronado, Tres de Febrero",1,206.66666666666666,7.124247400109469
Zona Oeste (GBA),"Martín Coronado, Tres de Febrero",2,343.75,9.078125
Zona Oeste (GBA),"Martín Coronado, Tres de Febrero",3,425.0,7.06043956043956
Zona Oeste (GBA),"Martín Coronado, Tres de Febrero",9,1300.0,3.27455919395466
Zona Norte (GBA),"Martínez, San Isidro",1,260.0,14.666666666666666
Zona Norte (GBA),"Martínez, San Isidro",2,625.625,11.18168597598753
Zona Norte (GBA),"Martínez, San Isidro",3,831.1111111111111,10.919887286297865
Zona Norte (GBA),"Martínez, San Isidro",4,1056.5,9.828707288735588
Zona Norte (GBA),"Martínez, San Isidro",5,2970.75,7.996858513824212
Zona Norte (GBA),"Martínez, San Isidro",6,4013.6363636363635,9.051181094295144
Zona Norte (GBA),"Martínez, San Isidro",7,3300.0,7.99891774891775
Zona Norte (GBA),"Martínez, San Isidro",8,3900.0,6.861403233559187
Zona Norte (GBA),"Martínez, San Isidro",10,7000.0,5.833333333333333
Zona Norte (GBA),"Martínez, San Isidro",12,9800.0,11.625148279952551
Zona Norte (GBA),"Martínez, San Isidro",13,7000.0,5.833333333333333
Zona Norte (GBA),"Mayling, Pilar",3,900.0,10.0
Zona Norte (GBA),"Mayling, Pilar",4,1650.0,9.166666666666668
Zona Norte (GBA),"Mayling, Pilar",6,1666.6666666666667,8.962962962962964
Zona Norte (GBA),"Mayling, Pilar",8,8000.0,8.16326530612245
Zona Norte (GBA),"Mayling, Pilar",10,5500.0,6.29312458635767
Zona Norte (GBA),"Mayling, Pilar",12,4000.0,6.666666666666667
Zona Oeste (GBA),"Merlo, GBA Oeste",1,188.0,2.6857142857142855
Zona Oeste (GBA),"Merlo, GBA Oeste",2,236.66666666666666,7.063492063492063
Zona Oeste (GBA),"Merlo, GBA Oeste",3,230.0,3.8333333333333335
Zona Oeste (GBA),"Merlo, GBA Oeste",4,600.0,7.5
Zona Oeste (GBA),"Merlo, Merlo",1,260.0,10.855855855855856
Zona Oeste (GBA),"Merlo, Merlo",2,283.47058823529414,5.967630297065642
Zona Oeste (GBA),"Merlo, Merlo",3,300.0,4.285714285714286
Zona Norte (GBA),"Miradores de la Bahía, Nordelta",2,701.6666666666666,12.98730539519079
Zona Norte (GBA),"Miradores de la Bahía, Nordelta",3,1193.75,12.980342442367759
Zona Norte (GBA),"Miradores de la Bahía, Nordelta",4,1600.0,13.669690098261526
Zona Norte (GBA),"Miradores de la Bahía, Nordelta",22,550.0,11.0
Zona Sur (GBA),"Monte Grande, Esteban Echeverría",1,328.3333333333333,7.49537037037037
Zona Sur (GBA),"Monte Grande, Esteban Echeverría",2,338.75,7.337053571428571
Zona Sur (GBA),"Monte Grande, Esteban Echeverría",3,415.7142857142857,5.479243863443996
Zona Sur (GBA),"Monte Grande, Esteban Echeverría",4,596.6666666666666,7.351515151515152
Zona Sur (GBA),"Monte Grande, Esteban Echeverría",5,1037.5,6.645833333333334
Zona Sur (GBA),"Monte Grande, Esteban Echeverría",10,1200.0,3.1578947368421053
Zona Oeste (GBA),"Moreno, GBA Oeste",1,260.0,6.627927766851421
Zona Oeste (GBA),"Moreno, GBA Oeste",2,423.3333333333333,8.051851851851852
Zona Oeste (GBA),"Moreno, GBA Oeste",3,570.0,8.142857142857142
Zona Oeste (GBA),"Moreno, GBA Oeste",4,866.6666666666666,6.904761904761905
Zona Oeste (GBA),"Moreno, GBA Oeste",5,1500.0,6.3130434782608695
Zona Oeste (GBA),"Moreno, GBA Oeste",7,1500.0,6.521739130434782
Zona Oeste (GBA),"Moreno, GBA Oeste",9,1500.0,6.818181818181818
Zona Oeste (GBA),"Moreno, Moreno",1,286.6666666666667,6.559386973180076
Zona Oeste (GBA),"Moreno, Moreno",2,275.55555555555554,6.629185607831923
Zona Oeste (GBA),"Moreno, Moreno",4,500.0,6.468531468531469
Zona Oeste (GBA),"Moreno, Moreno",5,3.0,0.0026785714285714286
Zona Oeste (GBA),"Moreno, Moreno",7,2450.0,6.447368421052632
Zona Oeste (GBA),"Moreno, Moreno",10,2500.0,6.25
Zona Oeste (GBA),"Morón, GBA Oeste",1,226.66666666666666,7.027067669172932
Zona Oeste (GBA),"Morón, GBA Oeste",2,300.0,7.766735436151353
Zona Oeste (GBA),"Morón, GBA Oeste",3,495.0,7.261904761904762
Zona Oeste (GBA),"Morón, GBA Oeste",4,700.0,7.446808510638298
Zona Oeste (GBA),"Morón, GBA Oeste",5,350.0,2.3333333333333335
Zona Oeste (GBA),"Morón, Morón",1,210.65217391304347,7.839269540024921
Zona Oeste (GBA),"Morón, Morón",2,317.9574468085106,7.5480379091172205
Zona Oeste (GBA),"Morón, Morón",3,488.8888888888889,7.150590150590151
Zona Oeste (GBA),"Morón, Morón",4,700.0,4.666666666666667
Zona Oeste (GBA),"Morón, Morón",6,700.0,2.8
Zona Norte (GBA),"Munro, Vicente López",1,235.0,7.833333333333334
Zona Norte (GBA),"Munro, Vicente López",2,400.0,9.60960960960961
Zona Norte (GBA),"Munro, Vicente López",3,800.0,8.695652173913043
Zona Norte (GBA),"Munro, Vicente López",4,808.3333333333334,8.360622710622712
Zona Norte (GBA),"Muñiz, San Miguel",1,203.33333333333334,7.638528138528138
Zona Norte (GBA),"Muñiz, San Miguel",2,343.3333333333333,9.123050682261209
Zona Norte (GBA),"Muñiz, San Miguel",3,1900.0,10.555555555555555
Zona Norte (GBA),"Muñiz, San Miguel",4,550.0,4.583333333333333
Zona Norte (GBA),"Muñiz, San Miguel",6,2500.0,5.0
Zona Norte (GBA),"Muñiz, San Miguel",7,800.0,3.361344537815126
Zona Norte (GBA),"Nordelta, Tigre",1,950.0,7.6
Zona Norte (GBA),"Nordelta, Tigre",2,740.0,14.66028189159314
Zona Norte (GBA),"Nordelta, Tigre",3,1036.4285714285713,13.679275484557749
Zona Norte (GBA),"Nordelta, Tigre",4,1964.2857142857142,13.120010556621343
Zona Norte (GBA),"Nordelta, Tigre",5,3014.285714285714,10.829828744880349
Zona Norte (GBA),"Nordelta, Tigre",6,2200.0,11.578947368421053
Zona Norte (GBA),"Nordelta, Tigre",7,5200.0,12.378522344520631
Zona Norte (GBA),"Nordelta, Tigre",8,9000.0,16.666666666666668
Zona Sur (GBA),"Nuevo Quilmes, Don Bosco",2,666.6666666666666,14.541910331384017
Zona Sur (GBA),"Nuevo Quilmes, Don Bosco",3,815.0,12.449967707024157
Zona Sur (GBA),"Nuevo Quilmes, Don Bosco",5,2500.0,14.534883720930232
Zona Sur (GBA),"Nuevo Quilmes, Don Bosco",6,3833.3333333333335,10.291666666666666
Zona Norte (GBA),"Olivos, Vicente López",1,403.3333333333333,11.531285981225118
Zona Norte (GBA),"Olivos, Vicente López",2,641.6981132075472,13.734406653791751
Zona Norte (GBA),"Olivos, Vicente López",3,927.1296296296297,12.822208336281872
Zona Norte (GBA),"Olivos, Vicente López",4,1712.5,11.980391142708378
Zona Norte (GBA),"Olivos, Vicente López",5,2300.0,14.298728043609932
Zona Norte (GBA),"Olivos, Vicente López",6,2014.2857142857142,8.048023377259529
Zona Norte (GBA),"Olivos, Vicente López",7,3000.0,11.764705882352942
Zona Norte (GBA),"Olivos, Vicente López",8,2850.0,8.833333333333332
Zona Oeste (GBA),"Parque Leloir, Ituzaingó",3,900.0,10.0
Zona Oeste (GBA),"Parque Leloir, Ituzaingó",4,2100.0,7.73391812865497
Zona Oeste (GBA),"Parque Leloir, Ituzaingó",5,1333.3333333333333,6.381766381766382
Zona Oeste (GBA),"Parque Leloir, Ituzaingó",7,3000.0,5.172413793103448
Zona Oeste (GBA),"Paso del Rey, Moreno",2,216.66666666666666,6.0555555555555545
Zona Oeste (GBA),"Paso del Rey, Moreno",3,290.0,5.049180327868852
Zona Oeste (GBA),"Paso del Rey, Moreno",5,700.0,700.0
Zona Norte (GBA),"Pilar Golf, Pilar",1,650.0,17.56756756756757
Zona Norte (GBA),"Pilar Golf, Pilar",2,700.0,14.583333333333334
Zona Norte (GBA),"Pilar Golf, Pilar",4,1966.6666666666667,7.840705319784817
Zona Norte (GBA),"Pilar Golf, Pilar",5,2200.0,8.225806451612904
Zona Norte (GBA),"Pilar del Lago Country Club, Derqui",2,350.0,5.072463768115942
Zona Norte (GBA),"Pilar del Lago Country Club, Derqui",4,866.6666666666666,5.485103132161956
Zona Norte (GBA),"Pilar del Lago Country Club, Derqui",5,1900.0,7.5814536340852134
Zona Norte (GBA),"Pilar, GBA Norte",1,408.3333333333333,11.853408029878617
Zona Norte (GBA),"Pilar, GBA Norte",2,392.5,8.492857142857144
Zona Norte (GBA),"Pilar, GBA Norte",4,2054.5454545454545,10.810294345409083
Zona Norte (GBA),"Pilar, GBA Norte",5,1792.857142857143,8.380952380952381
Zona Norte (GBA),"Pilar, GBA Norte",6,1725.0,7.71806260575296
Zona Norte (GBA),"Pilar, GBA Norte",7,1650.0,5.417403803626714
Zona Norte (GBA),"Pilar, GBA Norte",8,2200.0,6.666666666666667
Zona Norte (GBA),"Pilar, GBA Norte",9,3000.0,7.5
Zona Norte (GBA),"Pilar, GBA Norte",10,6750.0,12.675382653061224
Zona Norte (GBA),"Pilar, Pilar",1,400.0,14.285714285714286
Zona Norte (GBA),"Pilar, Pilar",2,418.75,8.496123385348671
Zona Norte (GBA),"Pilar, Pilar",3,476.6666666666667,8.33123673711909
Zona Norte (GBA),"Pilar, Pilar",4,1106.1538461538462,7.0736416085229905
Zona Norte (GBA),"Pilar, Pilar",5,995.0,4.946936274509804
Zona Norte (GBA),"Pilar, Pilar",8,5033.333333333333,11.397135788371871
Zona Norte (GBA),"Pilara, Pilar",2,910.0,13.246903312330113
Zona Norte (GBA),"Pilara, Pilar",3,1127.5862068965516,14.20139610632353
Zona Norte (GBA),"Pilara, Pilar",4,1470.0,11.682834908735334
Zona Norte (GBA),"Pilara, Pilar",5,3100.0,10.169990503323836
Zona Norte (GBA),"Pilara, Pilar",6,3150.0,9.861743993371995
Zona Norte (GBA),"Pilara, Pilar",7,3200.0,6.4
Zona Norte (GBA),"Pilara, Pilar",8,3000.0,6.947621914509332
Zona Norte (GBA),"Pilara, Pilar",9,3300.0,6.226415094339623
Zona Sur (GBA),"Piñeyro, Avellaneda",1,246.66666666666666,8.105555555555556
Zona Sur (GBA),"Piñeyro, Avellaneda",2,306.6666666666667,7.340579710144927
Zona Sur (GBA),"Piñeyro, Avellaneda",3,403.3333333333333,6.300836320191159
Zona Sur (GBA),"Piñeyro, Avellaneda",4,490.0,4.9
Zona Norte (GBA),"Portezuelo, Nordelta",1,590.0,10.785714285714285
Zona Norte (GBA),"Portezuelo, Nordelta",2,758.2352941176471,13.960361404566603
Zona Norte (GBA),"Portezuelo, Nordelta",3,928.2142857142857,11.842576004403202
Zona Norte (GBA),"Portezuelo, Nordelta",4,1400.0,11.377332485156913
Zona Norte (GBA),"Portezuelo, Nordelta",5,1250.0,10.384615384615385
Zona Norte (GBA),"Portezuelo, Nordelta",7,1600.0,6.481481481481482
Zona Norte (GBA),"Praia, Nordelta",1,800.0,9.049947272552968
Zona Norte (GBA),"Praia, Nordelta",2,800.0,5.555555555555555
Zona Norte (GBA),"Praia, Nordelta",3,1311.111111111111,13.874229385568709
Zona Norte (GBA),"Praia, Nordelta",4,1400.0,14.285714285714286
Zona Norte (GBA),"Puerto Escondido, Nordelta",2,766.6666666666666,13.709174042137414
Zona Norte (GBA),"Puerto Escondido, Nordelta",3,1220.0,14.727053819933076
Zona Norte (GBA),"Puerto Escondido, Nordelta",4,1266.6666666666667,12.854839081254175
Zona Norte (GBA),"Puertos, El Cazador",2,1200.0,17.647058823529413
Zona Norte (GBA),"Puertos, El Cazador",3,1366.6666666666667,16.355866355866358
Zona Norte (GBA),"Puertos, El Cazador",4,1000.0,5.525536526543945
Zona Norte (GBA),"Puertos, El Cazador",5,1595.0,7.478914096422203
Zona Norte (GBA),"Puertos, El Cazador",6,1764.2857142857142,8.262247688123459
Zona Norte (GBA),"Puertos, El Cazador",7,3500.0,9.210526315789474
Zona Norte (GBA),"Pueyrredón, Pilar",3,950.0,5.277777777777778
Zona Norte (GBA),"Pueyrredón, Pilar",4,1500.0,12.074074074074074
Zona Norte (GBA),"Pueyrredón, Pilar",5,1866.6666666666667,8.347343999517912
Zona Norte (GBA),"Punta Chica, San Fernando",2,1600.0,17.77777777777778
Zona Norte (GBA),"Punta Chica, San Fernando",3,1500.0,16.853932584269664
Zona Norte (GBA),"Punta Chica, San Fernando",4,1900.0,10.925925925925926
Zona Norte (GBA),"Punta Chica, San Fernando",5,4066.6666666666665,9.171828171828173
Zona Norte (GBA),"Punta Chica, San Fernando",6,2100.0,8.65079365079365
Zona Norte (GBA),"Punta Chica, San Fernando",8,7000.0,10.954616588419405
Zona Norte (GBA),"Punta Chica, San Fernando",10,4800.0,12.0
Zona Sur (GBA),"Quilmes Oeste, Quilmes",1,311.6666666666667,9.831158744951848
Zona Sur (GBA),"Quilmes Oeste, Quilmes",2,294.0,6.830158730158731
Zona Sur (GBA),"Quilmes Oeste, Quilmes",3,433.3333333333333,5.648148148148148
Zona Sur (GBA),"Quilmes Oeste, Quilmes",4,650.0,5.565149136577708
Zona Sur (GBA),"Quilmes, GBA Sur",1,350.0,6.481481481481482
Zona Sur (GBA),"Quilmes, GBA Sur",2,320.0,7.60356501008619
Zona Sur (GBA),"Quilmes, GBA Sur",3,470.0,8.049346879535559
Zona Sur (GBA),"Quilmes, GBA Sur",4,833.3333333333334,6.298654649947753
Zona Sur (GBA),"Quilmes, GBA Sur",5,3500.0,14.0
Zona Sur (GBA),"Quilmes, GBA Sur",7,950.0,950.0
Zona Sur (GBA),"Quilmes, Quilmes",1,230.0,8.64872325741891
Zona Sur (GBA),"Quilmes, Quilmes",2,327.22222222222223,7.847551967656821
Zona Sur (GBA),"Quilmes, Quilmes",3,548.421052631579,7.704981743949223
Zona Sur (GBA),"Quilmes, Quilmes",4,1128.5714285714287,8.595648907647153
Zona Sur (GBA),"Quilmes, Quilmes",5,1440.0,5.115958630077859
Zona Oeste (GBA),"Ramos Mejía, La Matanza",1,221.08695652173913,7.785360435347246
Zona Oeste (GBA),"Ramos Mejía, La Matanza",2,305.609756097561,7.747744625589061
Zona Oeste (GBA),"Ramos Mejía, La Matanza",3,444.2105263157895,7.6250615168571825
Zona Oeste (GBA),"Ramos Mejía, La Matanza",4,880.6666666666666,6.735746588693957
Zona Oeste (GBA),"Ramos Mejía, La Matanza",5,1456.25,7.511304034130121
Zona Oeste (GBA),"Ramos Mejía, La Matanza",6,1933.3333333333333,7.142399730367374
Zona Sur (GBA),"Remedios de Escalada, Lanús",1,290.0,9.064204314204314
Zona Sur (GBA),"Remedios de Escalada, Lanús",2,316.6666666666667,7.988055634128666
Zona Sur (GBA),"Remedios de Escalada, Lanús",3,320.0,5.474433167958514
Zona Sur (GBA),"Remedios de Escalada, Lanús",4,530.0,6.971264367816092
Zona Sur (GBA),"Remedios de Escalada, Lanús",5,850.0,850.0
Zona Sur (GBA),"Remedios de Escalada, Lanús",6,900.0,5.625
Zona Norte (GBA),"Remeros Beach, Rincón de Milberg",1,725.0,17.581943645773432
Zona Norte (GBA),"Remeros Beach, Rincón de Milberg",2,820.0,17.05248277194951
Zona Norte (GBA),"Remeros Beach, Rincón de Milberg",3,958.3333333333334,13.522953130424042
Zona Norte (GBA),"Remeros Beach, Rincón de Milberg",4,1650.0,16.5
Zona Norte (GBA),"Remeros Beach, Rincón de Milberg",22,520.0,8.666666666666666
Zona Norte (GBA),"Riberas, El Cazador",4,1500.0,7.246376811594203
Zona Norte (GBA),"Riberas, El Cazador",5,1533.3333333333333,8.356640393253665
Zona Norte (GBA),"Riberas, El Cazador",6,2500.0,7.8125
Zona Norte (GBA),"Riberas, El Cazador",7,1550.0,7.663830534849284
Zona Norte (GBA),"Rincón de Milberg, Tigre",1,375.0,9.652509652509652
Zona Norte (GBA),"Rincón de Milberg, Tigre",2,670.0,12.349846349741076
Zona Norte (GBA),"Rincón de Milberg, Tigre",3,987.1428571428571,11.651233728174605
Zona Norte (GBA),"Rincón de Milberg, Tigre",4,1700.0,10.0
Zona Norte (GBA),"Rincón de Milberg, Tigre",5,3900.0,10.84051724137931
Zona Norte (GBA),"Rincón de Milberg, Tigre",6,5400.0,17.216117216117215
Zona Norte (GBA),"Rincón de Milberg, Tigre",8,4000.0,7.155635062611807
Zona Norte (GBA),"Riverside Towers, Tigre",4,873.3333333333334,12.586904089992293
Zona Sur (GBA),"Saint Thomas, Esteban Echeverría",4,1500.0,4.545454545454546
Zona Sur (GBA),"Saint Thomas, Esteban Echeverría",5,1691.6666666666667,6.681242247031721
Zona Sur (GBA),"Saint Thomas, Esteban Echeverría",6,2750.0,7.778138528138528
Zona Sur (GBA),"Saint Thomas, Esteban Echeverría",7,3425.0,8.236244806012248
Zona Sur (GBA),"Saint Thomas, Esteban Echeverría",8,4400.0,7.518142235123367
Zona Norte (GBA),"San Agustín, Villanueva",3,1200.0,7.741935483870968
Zona Norte (GBA),"San Agustín, Villanueva",4,1857.142857142857,8.816895178615605
Zona Norte (GBA),"San Agustín, Villanueva",5,2250.0,9.824074074074074
Zona Norte (GBA),"San Agustín, Villanueva",6,3500.0,12.110726643598616
Zona Norte (GBA),"San Agustín, Villanueva",7,2800.0,12.727272727272727
Zona Norte (GBA),"San Alfonso, Zelaya",4,1020.0,6.001188591906824
Zona Norte (GBA),"San Alfonso, Zelaya",5,900.0,6.428571428571429
Zona Norte (GBA),"San Alfonso, Zelaya",6,1200.0,6.666666666666667
Zona Norte (GBA),"San Andrés, General San Martín",1,250.0,10.0
Zona Norte (GBA),"San Andrés, General San Martín",2,326.6666666666667,7.710195385103586
Zona Norte (GBA),"San Andrés, General San Martín",3,533.3333333333334,8.634106634106635
Zona Oeste (GBA),"San Antonio De Padua, Merlo",1,350.0,7.0
Zona Oeste (GBA),"San Antonio De Padua, Merlo",2,300.0,7.301587301587301
Zona Oeste (GBA),"San Antonio De Padua, Merlo",4,600.0,7.5
Zona Oeste (GBA),"San Antonio De Padua, Merlo",6,1800.0,5.172413793103448
Zona Oeste (GBA),"San Antonio De Padua, Merlo",7,2000.0,5.714285714285714
Zona Norte (GBA),"San Benito, Villanueva",4,2880.0,11.042262930410512
Zona Norte (GBA),"San Benito, Villanueva",5,2133.3333333333335,8.171575962264688
Zona Norte (GBA),"San Benito, Villanueva",6,3250.0,7.785714285714286
Zona Norte (GBA),"San Benito, Villanueva",9,3500.0,7.446808510638298
Zona Oeste (GBA),"San Diego, Francisco Alvarez",2,1000.0,33.333333333333336
Zona Oeste (GBA),"San Diego, Francisco Alvarez",3,900.0,5.625
Zona Oeste (GBA),"San Diego, Francisco Alvarez",4,1933.3333333333333,7.314814814814816
Zona Oeste (GBA),"San Diego, Francisco Alvarez",5,3100.0,8.459429824561404
Zona Oeste (GBA),"San Diego, Francisco Alvarez",6,3125.0,8.565764553429027
Zona Oeste (GBA),"San Diego, Francisco Alvarez",7,4000.0,10.526315789473685
Zona Norte (GBA),"San Fernando, GBA Norte",1,280.0,8.75
Zona Norte (GBA),"San Fernando, GBA Norte",3,883.3333333333334,14.528440907751252
Zona Norte (GBA),"San Fernando, GBA Norte",4,1283.3333333333333,12.470504009163802
Zona Norte (GBA),"San Fernando, GBA Norte",5,1800.0,11.805555555555557
Zona Norte (GBA),"San Fernando, GBA Norte",6,3540.0,12.060344827586206
Zona Norte (GBA),"San Fernando, GBA Norte",7,4750.0,14.583333333333334
Zona Norte (GBA),"San Fernando, GBA Norte",9,4700.0,13.09192200557103
Zona Norte (GBA),"San Fernando, GBA Norte",10,4800.0,12.631578947368421
Zona Norte (GBA),"San Fernando, San Fernando",1,356.6666666666667,9.674758792405852
Zona Norte (GBA),"San Fernando, San Fernando",2,400.0,9.333333333333334
Zona Norte (GBA),"San Fernando, San Fernando",3,676.6666666666666,9.537698412698413
Zona Norte (GBA),"San Fernando, San Fernando",4,750.0,8.720930232558139
Zona Norte (GBA),"San Gabriel, Villanueva",4,1850.0,10.865384615384615
Zona Norte (GBA),"San Gabriel, Villanueva",5,2500.0,11.022802535717666
Zona Norte (GBA),"San Gabriel, Villanueva",6,2150.0,8.214285714285715
Zona Norte (GBA),"San Gabriel, Villanueva",7,2800.0,9.333333333333334
Zona Norte (GBA),"San Isidro Labrador, Villanueva",4,1906.8181818181818,9.115183521999274
Zona Norte (GBA),"San Isidro Labrador, Villanueva",5,1705.0,7.549816076705059
Zona Norte (GBA),"San Isidro Labrador, Villanueva",6,2800.0,7.8
Zona Norte (GBA),"San Isidro Labrador, Villanueva",7,2600.0,9.987813620071686
Zona Norte (GBA),"San Isidro, GBA Norte",2,558.1666666666666,10.948627645502645
Zona Norte (GBA),"San Isidro, GBA Norte",3,803.3333333333334,12.075054101908322
Zona Norte (GBA),"San Isidro, GBA Norte",4,2462.5,11.777834008097166
Zona Norte (GBA),"San Isidro, GBA Norte",5,2350.0,9.083333333333332
Zona Norte (GBA),"San Isidro, GBA Norte",6,4500.0,11.538461538461538
Zona Norte (GBA),"San Isidro, GBA Norte",7,3050.0,8.187958883994126
Zona Norte (GBA),"San Isidro, GBA Norte",8,3400.0,10.625
Zona Norte (GBA),"San Isidro, GBA Norte",9,2200.0,12.865497076023392
Zona Norte (GBA),"San Isidro, San Isidro",1,230.0,12.318840579710145
Zona Norte (GBA),"San Isidro, San Isidro",2,542.3809523809524,10.567039464473101
Zona Norte (GBA),"San Isidro, San Isidro",3,814.4444444444445,11.95972801145215
Zona Norte (GBA),"San Isidro, San Isidro",4,2333.3333333333335,13.462830562494617
Zona Norte (GBA),"San Isidro, San Isidro",5,2212.5,10.985258367254636
Zona Norte (GBA),"San Isidro, San Isidro",6,1970.0,14.345864661654137
Zona Norte (GBA),"San Jorge Village, Malvinas Argentinas",5,3000.0,9.285714285714285
Zona Norte (GBA),"San Jorge Village, Malvinas Argentinas",6,2860.0,9.187399834208346
Zona Norte (GBA),"San Jorge Village, Malvinas Argentinas",8,6000.0,10.71159077845047
Zona Norte (GBA),"San Jorge Village, Malvinas Argentinas",9,8000.0,13.675213675213675
Zona Oeste (GBA),"San Justo, La Matanza",1,300.0,9.02463768115942
Zona Oeste (GBA),"San Justo, La Matanza",2,296.30434782608694,7.116851582972304
Zona Oeste (GBA),"San Justo, La Matanza",3,434.1666666666667,5.159104894311773
Zona Oeste (GBA),"San Justo, La Matanza",4,638.3333333333334,6.156644622549234
Zona Norte (GBA),"San Marco, Villanueva",4,2440.0,10.467287137824666
Zona Norte (GBA),"San Marco, Villanueva",5,2850.0,10.94355881085739
Zona Norte (GBA),"San Marco, Villanueva",6,3700.0,8.785858483044091
Zona Norte (GBA),"San Marco, Villanueva",7,2566.6666666666665,8.47076023391813
Zona Norte (GBA),"San Martín Centro, General San Martín",1,254.75,7.19572106936658
Zona Norte (GBA),"San Martín Centro, General San Martín",2,358.8888888888889,8.060530137981118
Zona Norte (GBA),"San Martín Centro, General San Martín",3,512.5,7.790365129228657
Zona Norte (GBA),"San Martín Centro, General San Martín",4,560.0,5.6258064516129025
Zona Norte (GBA),"San Martín Centro, General San Martín",7,3000.0,10.0
Zona Norte (GBA),"San Matías, Belén de Escobar",3,1200.0,6.256121333143156
Zona Norte (GBA),"San Matías, Belén de Escobar",4,1185.6666666666667,6.224421023495841
Zona Norte (GBA),"San Matías, Belén de Escobar",5,1164.2857142857142,5.908156952186574
Zona Norte (GBA),"San Matías, Belén de Escobar",6,2016.6666666666667,8.355572655245533
Zona Norte (GBA),"San Matías, Belén de Escobar",7,3500.0,10.9375
Zona Norte (GBA),"San Matías, Belén de Escobar",8,2200.0,6.984126984126984
Zona Norte (GBA),"San Miguel, GBA Norte",2,353.3333333333333,7.54013104013104
Zona Norte (GBA),"San Miguel, GBA Norte",3,428.0,6.9148051948051945
Zona Norte (GBA),"San Miguel, GBA Norte",4,850.0,6.6158315177923015
Zona Norte (GBA),"San Miguel, GBA Norte",11,4500.0,11.25
Zona Norte (GBA),"San Miguel, San Miguel",1,248.33333333333334,8.477672173178327
Zona Norte (GBA),"San Miguel, San Miguel",3,552.8571428571429,6.901310436362814
Zona Norte (GBA),"San Miguel, San Miguel",4,830.0,6.994152046783626
Zona Norte (GBA),"San Miguel, San Miguel",6,2500.0,10.0
Zona Norte (GBA),"San Miguel, San Miguel",7,1500.0,6.0
Zona Norte (GBA),"San Ramón, Zelaya",4,830.0,6.219261053906723
Zona Norte (GBA),"San Ramón, Zelaya",5,1050.0,6.666666666666667
Zona Norte (GBA),"San Sebastián, Loma Verde",3,1700.0,8.971698539716986
Zona Norte (GBA),"San Sebastián, Loma Verde",4,972.4489795918367,6.440927377766116
Zona Norte (GBA),"San Sebastián, Loma Verde",5,925.0,5.871984244724175
Zona Norte (GBA),"San Sebastián, Loma Verde",6,1933.3333333333333,7.708333333333333
Zona Norte (GBA),"San Sebastián, Loma Verde",7,1450.0,7.141203703703704
Zona Sur (GBA),"San Vicente, GBA Sur",2,400.0,5.970149253731344
Zona Sur (GBA),"San Vicente, GBA Sur",3,716.6666666666666,8.57843137254902
Zona Sur (GBA),"San Vicente, GBA Sur",4,1400.0,7.818053756090276
Zona Sur (GBA),"San Vicente, GBA Sur",5,1650.0,7.433737373737374
Zona Sur (GBA),"San Vicente, GBA Sur",6,1200.0,5.217391304347826
Zona Sur (GBA),"San Vicente, GBA Sur",7,3300.0,9.551955145354022
Zona Sur (GBA),"San Vicente, GBA Sur",8,2500.0,10.0
Zona Norte (GBA),"Santa Bárbara, Troncos del Talar",2,566.6666666666666,9.669449093300825
Zona Norte (GBA),"Santa Bárbara, Troncos del Talar",3,900.0,10.813953488372093
Zona Norte (GBA),"Santa Bárbara, Troncos del Talar",4,2566.6666666666665,13.265482984569857
Zona Norte (GBA),"Santa Bárbara, Troncos del Talar",5,3073.3333333333335,10.54048074603153
Zona Norte (GBA),"Santa Bárbara, Troncos del Talar",6,4030.0,12.837124306120709
Zona Norte (GBA),"Santa Bárbara, Troncos del Talar",7,5230.0,15.120495495495495
Zona Norte (GBA),"Santa Bárbara, Troncos del Talar",8,5200.0,12.451170311635428
Zona Norte (GBA),"Santa Bárbara, Troncos del Talar",9,3700.0,11.935483870967742
Zona Norte (GBA),"Santa Bárbara, Troncos del Talar",10,7000.0,14.43298969072165
Zona Norte (GBA),"Santa Catalina, Villanueva",3,2500.0,9.615384615384615
Zona Norte (GBA),"Santa Catalina, Villanueva",4,1850.0,8.94493642989285
Zona Norte (GBA),"Santa Catalina, Villanueva",6,4166.666666666667,10.56644880174292
Zona Norte (GBA),"Santa Catalina, Villanueva",7,1450.0,7.445652173913043
Zona Norte (GBA),"Santa Catalina, Villanueva",8,7200.0,14.484848484848484
Zona Norte (GBA),"Santa Clara, Villanueva",4,1675.0,8.924438129682253
Zona Norte (GBA),"Santa Clara, Villanueva",5,1650.0,6.164672765657987
Zona Norte (GBA),"Santa Clara, Villanueva",6,2725.0,8.803479789187628
Zona Norte (GBA),"Santa Clara, Villanueva",7,3633.3333333333335,9.360623781676415
Zona Norte (GBA),"Santa Clara, Villanueva",9,4000.0,8.88888888888889
Zona Norte (GBA),"Santa Lucía, Zelaya",4,866.6666666666666,5.554383116883117
Zona Norte (GBA),"Santa Lucía, Zelaya",5,900.0,6.428571428571429
Zona Norte (GBA),"Santa María de Tigre, Rincón de Milberg",3,1516.6666666666667,10.65740831526693
Zona Norte (GBA),"Santa María de Tigre, Rincón de Milberg",4,2425.0,8.80929079575027
Zona Norte (GBA),"Santa María de Tigre, Rincón de Milberg",5,3450.0,8.340136647406522
Zona Norte (GBA),"Santa María de Tigre, Rincón de Milberg",6,3012.5,7.331332521276344
Zona Norte (GBA),"Santa María de Tigre, Rincón de Milberg",7,3175.0,8.059822526370285
Zona Norte (GBA),"Santa María de Tigre, Rincón de Milberg",8,3350.0,8.898504273504273
Zona Norte (GBA),"Santa María de los Olivos, Grand Bourg",4,1450.0,9.205002211666057
Zona Norte (GBA),"Santa María de los Olivos, Grand Bourg",5,1516.6666666666667,7.3797979797979805
Zona Norte (GBA),"Santa María de los Olivos, Grand Bourg",6,1800.0,7.608695652173913
Zona Norte (GBA),"Santa Rita, San Isidro",5,2750.0,8.765120967741936
Zona Norte (GBA),"Santa Rita, San Isidro",6,4000.0,9.821428571428571
Zona Norte (GBA),"Santa Rita, San Isidro",7,2700.0,8.883928571428571
Zona Norte (GBA),"Santa Rita, San Isidro",8,4000.0,11.428571428571429
Zona Norte (GBA),"Santa Silvina, Pilar",3,900.0,7.317073170731708
Zona Norte (GBA),"Santa Silvina, Pilar",5,1000.0,5.193096008629989
Zona Norte (GBA),"Santo Tomás, Derqui",3,1000.0,10.0
Zona Norte (GBA),"Santo Tomás, Derqui",5,1490.0,7.499492385786802
Zona Norte (GBA),"Santo Tomás, Derqui",6,1396.6666666666667,5.963669740437158
Zona Oeste (GBA),"Santos Lugares, Tres de Febrero",1,260.0,9.277777777777779
Zona Oeste (GBA),"Santos Lugares, Tres de Febrero",2,357.5,8.742686940780981
Zona Sur (GBA),"Sarandi, Avellaneda",2,308.75,7.898336038961039
Zona Sur (GBA),"Sarandi, Avellaneda",3,333.3333333333333,6.609237536656892
Zona Sur (GBA),"Sarandi, Avellaneda",4,566.6666666666666,10.088888888888889
Zona Norte (GBA),"Sendero, Nordelta",2,450.0,9.375
Zona Norte (GBA),"Sendero, Nordelta",3,933.3333333333334,12.920187793427232
Zona Norte (GBA),"Sendero, Nordelta",4,1460.0,14.800319628891057
Zona Norte (GBA),"Septiembre, Belén de Escobar",2,810.0,14.727272727272727
Zona Norte (GBA),"Septiembre, Belén de Escobar",3,1000.0,13.333333333333334
Zona Norte (GBA),"Septiembre, Belén de Escobar",4,1533.3333333333333,7.26984126984127
Zona Norte (GBA),"Septiembre, Belén de Escobar",5,2278.0,6.439252432155658
Zona Norte (GBA),"Septiembre, Belén de Escobar",6,1866.6666666666667,5.66022595290888
Zona Norte (GBA),"Septiembre, Belén de Escobar",7,2162.5,7.140135017421603
Zona Oeste (GBA),"Sáenz Peña, Tres de Febrero",1,316.42857142857144,10.028547968775673
Zona Oeste (GBA),"Sáenz Peña, Tres de Febrero",2,362.0,8.825330371383004
Zona Oeste (GBA),"Sáenz Peña, Tres de Febrero",3,465.0,6.737394957983193
Zona Norte (GBA),"Talar del Lago II, General Pacheco",4,1700.0,7.8728590250329376
Zona Norte (GBA),"Talar del Lago II, General Pacheco",5,2166.6666666666665,8.431013431013431
Zona Norte (GBA),"Talar del Lago II, General Pacheco",6,2300.0,9.54356846473029
Zona Norte (GBA),"Talar del Lago II, General Pacheco",7,2100.0,8.974358974358974
Zona Norte (GBA),"Talar del Lago II, General Pacheco",8,2950.0,11.337121212121213
Zona Sur (GBA),"Temperley, Lomas de Zamora",1,263.3333333333333,12.746031746031747
Zona Sur (GBA),"Temperley, Lomas de Zamora",2,313.42105263157896,7.715263537631958
Zona Sur (GBA),"Temperley, Lomas de Zamora",3,415.55555555555554,6.80581423367493
Zona Sur (GBA),"Temperley, Lomas de Zamora",4,800.0,8.0
Zona Sur (GBA),"Temperley, Lomas de Zamora",6,2800.0,11.2
Zona Sur (GBA),"Temperley, Lomas de Zamora",8,1300.0,3.672316384180791
Zona Sur (GBA),"Temperley, Lomas de Zamora",10,1300.0,3.672316384180791
Zona Oeste (GBA),"Terravista, General Rodríguez",4,1860.0,8.209835000244805
Zona Oeste (GBA),"Terravista, General Rodríguez",6,2900.0,8.454810495626822
Zona Oeste (GBA),"Terravista, General Rodríguez",7,2766.6666666666665,7.743824802648333
Zona Norte (GBA),"Terrazas de la Bahía, Nordelta",1,350.0,9.166666666666668
Zona Norte (GBA),"Terrazas de la Bahía, Nordelta",2,833.3333333333334,13.727598566308245
Zona Norte (GBA),"Terrazas de la Bahía, Nordelta",3,1500.0,16.666666666666668
Zona Norte (GBA),"Tigre, GBA Norte",1,750.0,14.299242424242426
Zona Norte (GBA),"Tigre, GBA Norte",2,461.1111111111111,9.650318445247235
Zona Norte (GBA),"Tigre, GBA Norte",3,839.8,10.440108888985293
Zona Norte (GBA),"Tigre, GBA Norte",4,1116.6666666666667,9.876124238869338
Zona Norte (GBA),"Tigre, GBA Norte",5,2200.0,9.388770759502467
Zona Norte (GBA),"Tigre, GBA Norte",6,1850.0,7.589620117710005
Zona Norte (GBA),"Tigre, GBA Norte",7,2533.3333333333335,8.241952051475861
Zona Norte (GBA),"Tigre, Tigre",1,438.57142857142856,9.974850546279116
Zona Norte (GBA),"Tigre, Tigre",2,451.7647058823529,9.431613465826466
Zona Norte (GBA),"Tigre, Tigre",3,782.5,9.819027269027268
Zona Norte (GBA),"Tigre, Tigre",4,1600.0,12.10340536503099
Zona Norte (GBA),"Tigre, Tigre",5,962.5,8.020833333333334
Zona Norte (GBA),"Tigre, Tigre",6,2950.0,8.239979445015416
Zona Norte (GBA),"Tigre, Tigre",7,7500.0,12.54180602006689
Zona Norte (GBA),"Tipas, Nordelta",4,2633.3333333333335,12.245435503094647
Zona Norte (GBA),"Tipas, Nordelta",5,3343.75,13.330513078007357
Zona Norte (GBA),"Tipas, Nordelta",6,2455.5555555555557,10.842158163897295
Zona Norte (GBA),"Tipas, Nordelta",7,2666.6666666666665,10.419753086419753
Zona Norte (GBA),"Tipas, Nordelta",8,2200.0,11.0
Zona Sur (GBA),"Tolosa, La Plata",1,180.0,8.571428571428571
Zona Sur (GBA),"Tolosa, La Plata",2,250.0,3.125
Zona Sur (GBA),"Tolosa, La Plata",3,447.5,6.592881944444445
Zona Sur (GBA),"Tolosa, La Plata",4,750.0,6.25
Zona Sur (GBA),"Tolosa, La Plata",5,715.0,5.766666666666667
Zona Norte (GBA),"Tortugas Country Club, Manuel Alberti",1,1000.0,14.925373134328359
Zona Norte (GBA),"Tortugas Country Club, Manuel Alberti",2,1000.0,28.571428571428573
Zona Norte (GBA),"Tortugas Country Club, Manuel Alberti",3,3500.0,23.333333333333332
Zona Norte (GBA),"Tortugas Country Club, Manuel Alberti",4,3500.0,22.27109053497942
Zona Norte (GBA),"Tortugas Country Club, Manuel Alberti",5,3940.0,11.696428571428573
Zona Norte (GBA),"Tortugas Country Club, Manuel Alberti",6,2820.0,10.051265631984366
Zona Norte (GBA),"Tortugas Country Club, Manuel Alberti",7,8250.0,18.32523735924045
Zona Norte (GBA),"Tortugas Country Club, Manuel Alberti",8,2500.0,8.19672131147541
Zona Norte (GBA),"Tortugas Country Club, Manuel Alberti",10,4000.0,14.814814814814815
Zona Sur (GBA),"Valentín Alsina, Lanús",1,250.0,10.0
Zona Sur (GBA),"Valentín Alsina, Lanús",2,276.6666666666667,6.515873015873016
Zona Sur (GBA),"Valentín Alsina, Lanús",3,630.0,8.489502164502165
Zona Sur (GBA),"Valentín Alsina, Lanús",4,695.0,6.691532258064516
Zona Sur (GBA),"Valentín Alsina, Lanús",6,1500.0,7.5
Zona Norte (GBA),"Vicente López, GBA Norte",1,416.6666666666667,12.256335282651072
Zona Norte (GBA),"Vicente López, GBA Norte",2,908.8888888888889,16.317366233462124
Zona Norte (GBA),"Vicente López, GBA Norte",3,1350.0,16.726962536955124
Zona Norte (GBA),"Vicente López, GBA Norte",4,3412.5,20.029796697700462
Zona Norte (GBA),"Vicente López, GBA Norte",5,2300.0,24.166666666666668
Zona Norte (GBA),"Vicente López, GBA Norte",9,6200.0,10.333333333333334
Zona Norte (GBA),"Vicente López, Vicente López",1,333.3333333333333,11.534722222222221
Zona Norte (GBA),"Vicente López, Vicente López",2,770.0,14.592588937473797
Zona Norte (GBA),"Vicente López, Vicente López",3,814.0,11.574639488667586
Zona Norte (GBA),"Vicente López, Vicente López",4,1258.3333333333333,10.94657000569675
Zona Norte (GBA),"Vicente López, Vicente López",5,2075.0,12.277777777777779
Zona Norte (GBA),"Vicente López, Vicente López",6,2200.0,9.287749287749287
Zona Norte (GBA),"Vicente López, Vicente López",7,2125.0,7.285059189527695
Zona Norte (GBA),"Vicente López, Vicente López",8,2400.0,7.704495939790057
Zona Norte (GBA),"Victoria, San Fernando",2,460.0,10.110969387755102
Zona Norte (GBA),"Victoria, San Fernando",3,650.0,9.0625
Zona Norte (GBA),"Victoria, San Fernando",4,1820.0,10.045598889192755
Zona Norte (GBA),"Villa Adelina, San Isidro",2,333.3333333333333,9.309116809116809
Zona Norte (GBA),"Villa Adelina, San Isidro",3,485.0,11.5
Zona Norte (GBA),"Villa Adelina, San Isidro",4,825.0,6.150568181818182
Zona Norte (GBA),"Villa Adelina, San Isidro",6,1300.0,10.56910569105691
Zona Norte (GBA),"Villa Ballester, General San Martín",1,261.1111111111111,7.652859421280474
Zona Norte (GBA),"Villa Ballester, General San Martín",2,344.5813953488372,8.199489583297389
Zona Norte (GBA),"Villa Ballester, General San Martín",3,597.5,8.935654950499863
Zona Norte (GBA),"Villa Ballester, General San Martín",4,1012.0,8.215448408871746
Zona Oeste (GBA),"Villa Bosch, Tres de Febrero",1,235.0,7.15
Zona Oeste (GBA),"Villa Bosch, Tres de Febrero",2,332.5,7.734552845528455
Zona Oeste (GBA),"Villa Bosch, Tres de Febrero",3,517.5,8.354437229437229
Zona Sur (GBA),"Villa Dominico, Avellaneda",1,290.0,10.357142857142858
Zona Sur (GBA),"Villa Dominico, Avellaneda",2,308.3333333333333,9.032203159041394
Zona Sur (GBA),"Villa Dominico, Avellaneda",3,350.0,7.777777777777778
Zona Sur (GBA),"Villa Dominico, Avellaneda",5,600.0,6.0
Zona Sur (GBA),"Villa Elvira, La Plata",1,116.0,5.043478260869565
Zona Sur (GBA),"Villa Elvira, La Plata",2,169.0,6.196666666666667
Zona Sur (GBA),"Villa Elvira, La Plata",3,240.0,5.190476190476191
Zona Sur (GBA),"Villa Elvira, La Plata",4,1000.0,5.0
Zona Oeste (GBA),"Villa Luzuriaga, La Matanza",2,268.57142857142856,7.005667858738763
Zona Oeste (GBA),"Villa Luzuriaga, La Matanza",3,344.44444444444446,5.664848532005395
Zona Oeste (GBA),"Villa Luzuriaga, La Matanza",4,500.0,3.3333333333333335
Zona Oeste (GBA),"Villa Madero, La Matanza",1,305.0,7.603174603174603
Zona Oeste (GBA),"Villa Madero, La Matanza",2,306.0,8.648277347114556
Zona Oeste (GBA),"Villa Madero, La Matanza",3,433.3333333333333,7.792096715293394
Zona Oeste (GBA),"Villa Madero, La Matanza",20,600.0,8.219178082191782
Zona Oeste (GBA),"Villa Sarmiento, Morón",1,250.0,7.843137254901961
Zona Oeste (GBA),"Villa Sarmiento, Morón",2,438.3333333333333,10.00952380952381
Zona Oeste (GBA),"Villa Sarmiento, Morón",3,666.6666666666666,5.752514516559461
Zona Oeste (GBA),"Villa Sarmiento, Morón",4,1300.0,10.483870967741936
Zona Oeste (GBA),"Villa Tesei, Hurlingham",2,260.0,6.222222222222222
Zona Oeste (GBA),"Villa Tesei, Hurlingham",3,450.0,8.23404255319149
Zona Norte (GBA),"Villanueva, Tigre",2,666.6666666666666,14.152564736928914
Zona Norte (GBA),"Villanueva, Tigre",3,975.0,11.860119047619047
Zona Norte (GBA),"Villanueva, Tigre",4,1165.8333333333333,9.225420412920412
Zona Norte (GBA),"Villanueva, Tigre",5,1815.0,9.113354815427616
Zona Norte (GBA),"Villanueva, Tigre",6,1650.0,7.579281183932347
Zona Norte (GBA),"Vista Bahía, Nordelta",2,990.0,13.75
Zona Norte (GBA),"Vista Bahía, Nordelta",3,1716.6666666666667,14.459789712986643
Zona Norte (GBA),"Vistas, El Cazador",5,1285.0,6.969140331757113
Zona Norte (GBA),"Vistas, El Cazador",6,1683.3333333333333,7.495199886504234
Zona Sur (GBA),"Wilde, Avellaneda",1,271.6666666666667,8.93521363145019
Zona Sur (GBA),"Wilde, Avellaneda",2,316.0869565217391,7.693955842819661
Zona Sur (GBA),"Wilde, Avellaneda",3,443.52941176470586,7.209272087532544
Zona Sur (GBA),"Wilde, Avellaneda",4,647.5,6.654632341814006
Zona Norte (GBA),"Wyndham Condominios, Nordelta",1,866.6666666666666,18.333333333333332
Zona Norte (GBA),"Wyndham Condominios, Nordelta",2,837.5,14.320175438596491
Zona Norte (GBA),"Wyndham Condominios, Nordelta",3,1000.0,14.285714285714286
Zona Norte (GBA),"Wyndham Condominios, Nordelta",4,3000.0,19.10828025477707
Zona Norte (GBA),"Yoo Nordelta, Nordelta",2,988.0952380952381,17.398333172953784
Zona Norte (GBA),"Yoo Nordelta, Nordelta",3,1570.5882352941176,21.26591058625585
Zona Norte (GBA),"Yoo Nordelta, Nordelta",4,3100.0,22.389112826702497
Zona Norte (GBA),"Zelaya, Pilar",4,900.0,6.3957307060755335
Zona Norte (GBA),"Zelaya, Pilar",5,1012.5,5.472222222222222
